run_number;resolution_speed;coop_success;mean_after_bounce;bounce_back;mean_coop;std_coop;benefit;set_std;cost;synergy;trait_mut;set_mut;dir_exp;baseline;set_mean;total_sets;population;K_M_ratio;b_c_ratio
5;2600;1,0000;0,97357142857142853;0,02642857142857147;0,850729166666667;0,1495062426054985;55;2;10;0,00;0;0,00;1;10;12;150;200;0,08;5,5
6;4600;1,0000;0,92125000000000001;0,07874999999999999;0,762843137254902;0,1770459118476357;55;2;10;0,00;0;0,00;1;10;12;150;200;0,08;5,5
7;3000;1,0000;0,93100000000000005;0,06899999999999995;0,835294117647059;0,1244886009428409;55;2;10;0,00;0;0,00;1;10;12;150;200;0,08;5,5
8;5000;1,0000;NA;0,00000000000000000;0,674117647058823;0,2102063412039536;55;2;10;0,00;0;0,00;1;10;12;150;200;0,08;5,5
13;NA;0,2225;NA;0,00000000000000000;0,496862745098039;0,1791087959434537;55;2;10;0,00;0;0,25;1;10;12;150;200;0,08;5,5
14;NA;0,3770;NA;0,00000000000000000;0,448627450980392;0,0542132680381154;55;2;10;0,00;0;0,25;1;10;12;150;200;0,08;5,5
15;NA;0,4835;NA;0,00000000000000000;0,552352941176471;0,0603850390508814;55;2;10;0,00;0;0,25;1;10;12;150;200;0,08;5,5
16;2900;0,0000;0,01250000000000000;0,01250000000000000;0,234861111111111;0,1595819812201827;55;2;10;0,00;0;0,25;1;10;12;150;200;0,08;5,5
21;1800;0,0000;0,01333333333333333;0,01333333333333333;0,141428571428571;0,1472014061354509;55;2;10;0,00;0;0,50;1;10;12;150;200;0,08;5,5
22;1400;0,0000;0,00666666666666667;0,00666666666666667;0,164791666666667;0,1760711267262940;55;2;10;0,00;0;0,50;1;10;12;150;200;0,08;5,5
23;1400;0,0000;0,01166666666666667;0,01166666666666667;0,185555555555556;0,1494390382189033;55;2;10;0,00;0;0,50;1;10;12;150;200;0,08;5,5
24;1100;0,0000;0,01250000000000000;0,01250000000000000;0,176944444444444;0,1832399494787295;55;2;10;0,00;0;0,50;1;10;12;150;200;0,08;5,5
29;1700;1,0000;0,99333333333333329;0,00666666666666671;0,805208333333333;0,1776934290010324;55;2;10;0,16;0;0,00;1;10;12;150;200;0,08;5,5
30;2500;1,0000;0,98999999999999999;0,01000000000000001;0,741000000000000;0,2116006322916047;55;2;10;0,16;0;0,00;1;10;12;150;200;0,08;5,5
31;1700;1,0000;0,98599999999999999;0,01400000000000001;0,796428571428571;0,2006971974875710;55;2;10;0,16;0;0,00;1;10;12;150;200;0,08;5,5
32;2400;1,0000;0,98190476190476184;0,01809523809523816;0,786086956521739;0,2503617672344434;55;2;10;0,16;0;0,00;1;10;12;150;200;0,08;5,5
37;NA;0,8055;NA;0,00000000000000000;0,714803921568627;0,1069624269746799;55;2;10;0,16;0;0,25;1;10;12;150;200;0,08;5,5
38;NA;0,7595;NA;0,00000000000000000;0,576960784313725;0,1127345485260510;55;2;10;0,16;0;0,25;1;10;12;150;200;0,08;5,5
39;NA;0,6350;NA;0,00000000000000000;0,666470588235294;0,0652632677518300;55;2;10;0,16;0;0,25;1;10;12;150;200;0,08;5,5
40;NA;0,4590;NA;0,00000000000000000;0,512549019607843;0,0478578368610576;55;2;10;0,16;0;0,25;1;10;12;150;200;0,08;5,5
45;NA;0,3840;NA;0,00000000000000000;0,493921568627451;0,0684858651510675;55;2;10;0,16;0;0,50;1;10;12;150;200;0,08;5,5
46;1700;0,0000;0,02687500000000000;0,02687500000000000;0,157884615384615;0,1314166890232978;55;2;10;0,16;0;0,50;1;10;12;150;200;0,08;5,5
47;3000;0,0000;0,01966666666666667;0,01966666666666667;0,200978260869565;0,1555192719933856;55;2;10;0,16;0;0,50;1;10;12;150;200;0,08;5,5
48;3400;0,0000;0,00875000000000000;0,00875000000000000;0,216282051282051;0,1327032599286148;55;2;10;0,16;0;0,50;1;10;12;150;200;0,08;5,5
53;1000;1,0000;0,98071428571428565;0,01928571428571435;0,795000000000000;0,2086863675470920;55;2;10;0,33;0;0,00;1;10;12;150;200;0,08;5,5
54;2200;1,0000;0,98499999999999999;0,01500000000000001;0,812419354838710;0,1914108624910558;55;2;10;0,33;0;0,00;1;10;12;150;200;0,08;5,5
55;1200;1,0000;0,98916666666666664;0,01083333333333336;0,798947368421053;0,1948259832329612;55;2;10;0,33;0;0,00;1;10;12;150;200;0,08;5,5
56;1600;1,0000;0,98999999999999999;0,01000000000000001;0,780625000000000;0,2036744658602994;55;2;10;0,33;0;0,00;1;10;12;150;200;0,08;5,5
61;2700;1,0000;0,97321428571428570;0,02678571428571430;0,819285714285714;0,1762189997942950;55;2;10;0,33;0;0,25;1;10;12;150;200;0,08;5,5
62;3300;1,0000;0,88323529411764701;0,11676470588235299;0,789607843137255;0,1399387120751613;55;2;10;0,33;0;0,25;1;10;12;150;200;0,08;5,5
63;3100;1,0000;0,95218749999999996;0,04781250000000004;0,788645833333333;0,1949597328400868;55;2;10;0,33;0;0,25;1;10;12;150;200;0,08;5,5
64;2200;1,0000;0,97928571428571431;0,02071428571428569;0,801486486486486;0,1975223787070470;55;2;10;0,33;0;0,25;1;10;12;150;200;0,08;5,5
69;NA;0,8505;NA;0,00000000000000000;0,773137254901961;0,0974112970056026;55;2;10;0,33;0;0,50;1;10;12;150;200;0,08;5,5
70;NA;0,2830;NA;0,00000000000000000;0,332450980392157;0,0792803415041813;55;2;10;0,33;0;0,50;1;10;12;150;200;0,08;5,5
71;NA;0,7205;NA;0,00000000000000000;0,574411764705882;0,1356084328455407;55;2;10;0,33;0;0,50;1;10;12;150;200;0,08;5,5
72;NA;0,6870;NA;0,00000000000000000;0,623921568627451;0,0683104217926532;55;2;10;0,33;0;0,50;1;10;12;150;200;0,08;5,5
77;1500;1,0000;0,98576923076923073;0,01423076923076927;0,857758620689655;0,1746301510483582;55;2;10;0,50;0;0,00;1;10;12;150;200;0,08;5,5
78;1000;1,0000;0,97666666666666668;0,02333333333333332;0,814117647058824;0,1729724986641450;55;2;10;0,50;0;0,00;1;10;12;150;200;0,08;5,5
79;1400;1,0000;0,97999999999999998;0,02000000000000002;0,846250000000000;0,1588015578721087;55;2;10;0,50;0;0,00;1;10;12;150;200;0,08;5,5
80;1400;1,0000;0,98428571428571432;0,01571428571428568;0,761590909090909;0,2140726754857107;55;2;10;0,50;0;0,00;1;10;12;150;200;0,08;5,5
85;NA;0,8970;NA;0,00000000000000000;0,789607843137255;0,1145462489008475;55;2;10;0,50;0;0,25;1;10;12;150;200;0,08;5,5
86;4300;1,0000;0,93857142857142861;0,06142857142857139;0,655098039215686;0,1855868804524674;55;2;10;0,50;0;0,25;1;10;12;150;200;0,08;5,5
87;2100;1,0000;0,98852941176470588;0,01147058823529412;0,847179487179487;0,1682213253573793;55;2;10;0,50;0;0,25;1;10;12;150;200;0,08;5,5
88;2000;1,0000;0,97899999999999998;0,02100000000000002;0,795000000000000;0,1700058822511739;55;2;10;0,50;0;0,25;1;10;12;150;200;0,08;5,5
93;3700;1,0000;0,95769230769230762;0,04230769230769238;0,806764705882353;0,1451751477678317;55;2;10;0,50;0;0,50;1;10;12;150;200;0,08;5,5
94;3400;1,0000;0,96142857142857141;0,03857142857142859;0,780306122448980;0,1840442886102908;55;2;10;0,50;0;0,50;1;10;12;150;200;0,08;5,5
95;NA;0,6785;NA;0,00000000000000000;0,620882352941176;0,1040706773416650;55;2;10;0,50;0;0,50;1;10;12;150;200;0,08;5,5
96;2100;1,0000;0,97249999999999992;0,02750000000000008;0,790000000000000;0,1756904745771462;55;2;10;0,50;0;0,50;1;10;12;150;200;0,08;5,5
101;1000;1,0000;0,97545454545454546;0,02454545454545454;0,892272727272727;0,1264603012498697;55;2;10;0,66;0;0,00;1;10;12;150;200;0,08;5,5
102;1400;1,0000;0,98699999999999999;0,01300000000000001;0,865400000000000;0,1661946649765469;55;2;10;0,66;0;0,00;1;10;12;150;200;0,08;5,5
103;1000;1,0000;0,98875000000000002;0,01124999999999998;0,849736842105263;0,1749561348533026;55;2;10;0,66;0;0,00;1;10;12;150;200;0,08;5,5
104;900;1,0000;0,98750000000000004;0,01249999999999996;0,832500000000000;0,1946962188822855;55;2;10;0,66;0;0,00;1;10;12;150;200;0,08;5,5
109;2900;1,0000;0,98607142857142860;0,01392857142857140;0,788295454545455;0,2067408870965368;55;2;10;0,66;0;0,25;1;10;12;150;200;0,08;5,5
110;2700;1,0000;0,97978260869565215;0,02021739130434785;0,856862745098039;0,1707658068358936;55;2;10;0,66;0;0,25;1;10;12;150;200;0,08;5,5
111;4500;1,0000;0,95599999999999996;0,04400000000000004;0,770392156862745;0,1404914343910507;55;2;10;0,66;0;0,25;1;10;12;150;200;0,08;5,5
112;4800;1,0000;0,96499999999999997;0,03500000000000003;0,791470588235294;0,1324737487868712;55;2;10;0,66;0;0,25;1;10;12;150;200;0,08;5,5
117;2600;1,0000;0,96375000000000000;0,03625000000000000;0,809901960784314;0,1964217151846466;55;2;10;0,66;0;0,50;1;10;12;150;200;0,08;5,5
118;2500;1,0000;0,93559999999999999;0,06440000000000001;0,806274509803922;0,1653234500524802;55;2;10;0,66;0;0,50;1;10;12;150;200;0,08;5,5
119;NA;0,4495;NA;0,00000000000000000;0,585686274509804;0,0969949463005323;55;2;10;0,66;0;0,50;1;10;12;150;200;0,08;5,5
120;3000;1,0000;0,96599999999999997;0,03400000000000003;0,800784313725490;0,1579283779091636;55;2;10;0,66;0;0,50;1;10;12;150;200;0,08;5,5
125;1200;1,0000;0,98999999999999999;0,01000000000000001;0,869565217391304;0,1673382057356126;55;2;10;0,83;0;0,00;1;10;12;150;200;0,08;5,5
126;1100;1,0000;0,98777777777777775;0,01222222222222225;0,846666666666667;0,1812617812263063;55;2;10;0,83;0;0,00;1;10;12;150;200;0,08;5,5
127;1000;1,0000;0,98899999999999999;0,01100000000000001;0,761875000000000;0,2272947792331946;55;2;10;0,83;0;0,00;1;10;12;150;200;0,08;5,5
128;1300;1,0000;0,98599999999999999;0,01400000000000001;0,735000000000000;0,2302836415283455;55;2;10;0,83;0;0,00;1;10;12;150;200;0,08;5,5
133;2400;1,0000;0,92269230769230770;0,07730769230769230;0,823921568627451;0,1477779202908547;55;2;10;0,83;0;0,25;1;10;12;150;200;0,08;5,5
134;2700;1,0000;0,98499999999999999;0,01500000000000001;0,755967741935484;0,1771271640885850;55;2;10;0,83;0;0,25;1;10;12;150;200;0,08;5,5
135;2000;1,0000;0,98045454545454547;0,01954545454545453;0,783750000000000;0,1784476068404863;55;2;10;0,83;0;0,25;1;10;12;150;200;0,08;5,5
136;NA;0,8770;NA;0,00000000000000000;0,789313725490196;0,1449103847481026;55;2;10;0,83;0;0,25;1;10;12;150;200;0,08;5,5
141;NA;0,2885;NA;0,00000000000000000;0,364509803921569;0,0732137616979266;55;2;10;0,83;0;0,50;1;10;12;150;200;0,08;5,5
142;NA;0,2635;NA;0,00000000000000000;0,260490196078431;0,1072065991530409;55;2;10;0,83;0;0,50;1;10;12;150;200;0,08;5,5
143;4500;1,0000;0,96299999999999997;0,03700000000000003;0,703627450980392;0,1449830280804362;55;2;10;0,83;0;0,50;1;10;12;150;200;0,08;5,5
144;2300;1,0000;0,99066666666666670;0,00933333333333330;0,827307692307692;0,1795309904117354;55;2;10;0,83;0;0,50;1;10;12;150;200;0,08;5,5
149;800;1,0000;0,98499999999999999;0,01500000000000001;0,805000000000000;0,2268626603623141;55;2;10;1,00;0;0,00;1;10;12;150;200;0,08;5,5
150;900;1,0000;0,98499999999999999;0,01500000000000001;0,839062500000000;0,1615056113576244;55;2;10;1,00;0;0,00;1;10;12;150;200;0,08;5,5
151;1200;1,0000;0,98409090909090913;0,01590909090909087;0,841875000000000;0,1944155818813422;55;2;10;1,00;0;0,00;1;10;12;150;200;0,08;5,5
152;1000;1,0000;0,98875000000000002;0,01124999999999998;0,709333333333333;0,2650395298459314;55;2;10;1,00;0;0,00;1;10;12;150;200;0,08;5,5
157;2200;1,0000;0,92303571428571429;0,07696428571428571;0,851078431372549;0,1457337082678204;55;2;10;1,00;0;0,25;1;10;12;150;200;0,08;5,5
158;1500;1,0000;0,98833333333333329;0,01166666666666671;0,704473684210526;0,2218038093103033;55;2;10;1,00;0;0,25;1;10;12;150;200;0,08;5,5
159;NA;0,6650;NA;0,00000000000000000;0,704509803921569;0,1197424523799341;55;2;10;1,00;0;0,25;1;10;12;150;200;0,08;5,5
160;2600;1,0000;0,98444444444444446;0,01555555555555554;0,859722222222222;0,1487804924062121;55;2;10;1,00;0;0,25;1;10;12;150;200;0,08;5,5
165;2100;1,0000;0,98291666666666666;0,01708333333333334;0,816176470588235;0,1890929658464860;55;2;10;1,00;0;0,50;1;10;12;150;200;0,08;5,5
166;NA;0,6875;NA;0,00000000000000000;0,699509803921569;0,0840491219582976;55;2;10;1,00;0;0,50;1;10;12;150;200;0,08;5,5
167;2500;1,0000;0,95062500000000005;0,04937499999999995;0,820595238095238;0,1592329264154244;55;2;10;1,00;0;0,50;1;10;12;150;200;0,08;5,5
168;NA;0,4015;NA;0,00000000000000000;0,439901960784314;0,0569604265791473;55;2;10;1,00;0;0,50;1;10;12;150;200;0,08;5,5
173;4100;1,0000;0,95499999999999996;0,04500000000000004;0,805882352941176;0,1659087275653482;60;2;10;0,00;0;0,00;1;10;12;150;200;0,08;6,0
174;4600;1,0000;0,92375000000000007;0,07624999999999993;0,729215686274510;0,2059620658010101;60;2;10;0,00;0;0,00;1;10;12;150;200;0,08;6,0
175;2500;1,0000;0,97999999999999998;0,02000000000000002;0,821470588235294;0,2052931906265940;60;2;10;0,00;0;0,00;1;10;12;150;200;0,08;6,0
176;3700;1,0000;0,94999999999999996;0,05000000000000004;0,776078431372549;0,1745632083959567;60;2;10;0,00;0;0,00;1;10;12;150;200;0,08;6,0
181;1500;0,0000;0,01062500000000000;0,01062500000000000;0,126875000000000;0,1339192853923586;60;2;10;0,00;0;0,25;1;10;12;150;200;0,08;6,0
182;1200;0,0000;0,01583333333333333;0,01583333333333333;0,191578947368421;0,1755471813088922;60;2;10;0,00;0;0,25;1;10;12;150;200;0,08;6,0
183;3600;0,0000;0,01700000000000000;0,01700000000000000;0,211904761904762;0,1436839026446951;60;2;10;0,00;0;0,25;1;10;12;150;200;0,08;6,0
184;NA;0,8790;NA;0,00000000000000000;0,686764705882353;0,1674360281701993;60;2;10;0,00;0;0,25;1;10;12;150;200;0,08;6,0
189;1600;0,0000;0,01500000000000000;0,01500000000000000;0,231666666666667;0,1698921226347276;60;2;10;0,00;0;0,50;1;10;12;150;200;0,08;6,0
190;1300;0,0000;0,01000000000000000;0,01000000000000000;0,181052631578947;0,1572292995328127;60;2;10;0,00;0;0,50;1;10;12;150;200;0,08;6,0
191;1500;0,0000;0,00750000000000000;0,00750000000000000;0,193000000000000;0,1541735181028523;60;2;10;0,00;0;0,50;1;10;12;150;200;0,08;6,0
192;1400;0,0000;0,00714285714285714;0,00714285714285714;0,177500000000000;0,1564239507906394;60;2;10;0,00;0;0,50;1;10;12;150;200;0,08;6,0
197;2500;1,0000;0,98428571428571432;0,01571428571428568;0,766363636363636;0,1988414598024357;60;2;10;0,16;0;0,00;1;10;12;150;200;0,08;6,0
198;2200;1,0000;0,98187499999999994;0,01812500000000006;0,815483870967742;0,1659736667803544;60;2;10;0,16;0;0,00;1;10;12;150;200;0,08;6,0
199;2800;1,0000;0,95954545454545448;0,04045454545454552;0,834313725490196;0,1642468252595560;60;2;10;0,16;0;0,00;1;10;12;150;200;0,08;6,0
200;2500;1,0000;0,97857142857142854;0,02142857142857146;0,780606060606061;0,1706181664188231;60;2;10;0,16;0;0,00;1;10;12;150;200;0,08;6,0
205;NA;0,8075;NA;0,00000000000000000;0,683921568627451;0,0995606032800635;60;2;10;0,16;0;0,25;1;10;12;150;200;0,08;6,0
206;4400;1,0000;0,93999999999999995;0,06000000000000005;0,798137254901961;0,1615733913251614;60;2;10;0,16;0;0,25;1;10;12;150;200;0,08;6,0
207;NA;0,6495;NA;0,00000000000000000;0,569215686274510;0,0646558005829300;60;2;10;0,16;0;0,25;1;10;12;150;200;0,08;6,0
208;NA;0,5870;NA;0,00000000000000000;0,536372549019608;0,0729594300373334;60;2;10;0,16;0;0,25;1;10;12;150;200;0,08;6,0
213;NA;0,8965;NA;0,00000000000000000;0,726372549019608;0,1430981426552160;60;2;10;0,16;0;0,50;1;10;12;150;200;0,08;6,0
214;4200;0,0000;0,01500000000000000;0,01500000000000000;0,285980392156863;0,1619228816685373;60;2;10;0,16;0;0,50;1;10;12;150;200;0,08;6,0
215;NA;0,6275;NA;0,00000000000000000;0,685980392156863;0,1358492532472782;60;2;10;0,16;0;0,50;1;10;12;150;200;0,08;6,0
216;2500;0,0000;0,00785714285714286;0,00785714285714286;0,201363636363636;0,1533239662817383;60;2;10;0,16;0;0,50;1;10;12;150;200;0,08;6,0
221;1800;1,0000;0,98277777777777775;0,01722222222222225;0,789464285714286;0,1959324301787920;60;2;10;0,33;0;0,00;1;10;12;150;200;0,08;6,0
222;1300;1,0000;0,98653846153846148;0,01346153846153852;0,869814814814815;0,1514448457707997;60;2;10;0,33;0;0,00;1;10;12;150;200;0,08;6,0
223;1200;1,0000;0,99375000000000002;0,00624999999999998;0,777941176470588;0,1946154768345247;60;2;10;0,33;0;0,00;1;10;12;150;200;0,08;6,0
224;1500;1,0000;0,97888888888888892;0,02111111111111108;0,805200000000000;0,1944890742432592;60;2;10;0,33;0;0,00;1;10;12;150;200;0,08;6,0
229;2600;1,0000;0,94125000000000003;0,05874999999999997;0,804901960784314;0,1802927901943903;60;2;10;0,33;0;0,25;1;10;12;150;200;0,08;6,0
230;3500;1,0000;0,98499999999999999;0,01500000000000001;0,745875000000000;0,1594537450010874;60;2;10;0,33;0;0,25;1;10;12;150;200;0,08;6,0
231;3400;1,0000;0,95281249999999995;0,04718750000000005;0,781470588235294;0,1577792575646338;60;2;10;0,33;0;0,25;1;10;12;150;200;0,08;6,0
232;1700;1,0000;0,97970588235294120;0,02029411764705880;0,833142857142857;0,1811121106901895;60;2;10;0,33;0;0,25;1;10;12;150;200;0,08;6,0
237;3000;1,0000;0,99571428571428566;0,00428571428571434;0,777500000000000;0,1729112801722629;60;2;10;0,33;0;0,50;1;10;12;150;200;0,08;6,0
238;NA;0,4370;NA;0,00000000000000000;0,454803921568627;0,0781662381358712;60;2;10;0,33;0;0,50;1;10;12;150;200;0,08;6,0
239;NA;0,8685;NA;0,00000000000000000;0,759313725490196;0,1575817870435639;60;2;10;0,33;0;0,50;1;10;12;150;200;0,08;6,0
240;4900;1,0000;0,94999999999999996;0,05000000000000004;0,743823529411765;0,1464704346798155;60;2;10;0,33;0;0,50;1;10;12;150;200;0,08;6,0
245;1900;1,0000;0,97178571428571425;0,02821428571428575;0,841470588235294;0,1600782451280618;60;2;10;0,50;0;0,00;1;10;12;150;200;0,08;6,0
246;1600;1,0000;0,99500000000000000;0,00500000000000000;0,795000000000000;0,1778552782461066;60;2;10;0,50;0;0,00;1;10;12;150;200;0,08;6,0
247;1500;1,0000;0,98045454545454547;0,01954545454545453;0,846296296296296;0,1691585089187096;60;2;10;0,50;0;0,00;1;10;12;150;200;0,08;6,0
248;1700;1,0000;0,98899999999999999;0,01100000000000001;0,756956521739130;0,2189683410617886;60;2;10;0,50;0;0,00;1;10;12;150;200;0,08;6,0
253;2700;1,0000;0,98666666666666669;0,01333333333333331;0,782941176470588;0,1775298423358340;60;2;10;0,50;0;0,25;1;10;12;150;200;0,08;6,0
254;2500;1,0000;0,96692307692307689;0,03307692307692311;0,833461538461538;0,1308934573078116;60;2;10;0,50;0;0,25;1;10;12;150;200;0,08;6,0
255;NA;0,7575;NA;0,00000000000000000;0,673333333333333;0,1155753722324383;60;2;10;0,50;0;0,25;1;10;12;150;200;0,08;6,0
256;NA;0,6365;NA;0,00000000000000000;0,619215686274510;0,0956000656329252;60;2;10;0,50;0;0,25;1;10;12;150;200;0,08;6,0
261;NA;0,2600;NA;0,00000000000000000;0,382156862745098;0,1087807653124429;60;2;10;0,50;0;0,50;1;10;12;150;200;0,08;6,0
262;NA;0,8400;NA;0,00000000000000000;0,618823529411765;0,1658631611759951;60;2;10;0,50;0;0,50;1;10;12;150;200;0,08;6,0
263;NA;0,5770;NA;0,00000000000000000;0,594019607843137;0,0834986203948493;60;2;10;0,50;0;0,50;1;10;12;150;200;0,08;6,0
264;NA;0,8640;NA;0,00000000000000000;0,756372549019608;0,0946365596974687;60;2;10;0,50;0;0,50;1;10;12;150;200;0,08;6,0
269;1300;1,0000;0,99142857142857144;0,00857142857142856;0,798333333333333;0,2026902398571113;60;2;10;0,66;0;0,00;1;10;12;150;200;0,08;6,0
270;1000;1,0000;0,99031250000000004;0,00968749999999996;0,888148148148148;0,1557126801080719;60;2;10;0,66;0;0,00;1;10;12;150;200;0,08;6,0
271;1300;1,0000;0,98999999999999999;0,01000000000000001;0,807368421052632;0,1890279845614623;60;2;10;0,66;0;0,00;1;10;12;150;200;0,08;6,0
272;1300;1,0000;0,98687499999999995;0,01312500000000005;0,788863636363636;0,1984879258543368;60;2;10;0,66;0;0,00;1;10;12;150;200;0,08;6,0
277;2600;1,0000;0,96950000000000003;0,03049999999999997;0,754594594594595;0,1981875457825322;60;2;10;0,66;0;0,25;1;10;12;150;200;0,08;6,0
278;3600;1,0000;0,97535714285714281;0,02464285714285719;0,812156862745098;0,1586482111527287;60;2;10;0,66;0;0,25;1;10;12;150;200;0,08;6,0
279;3000;1,0000;0,96724999999999994;0,03275000000000006;0,822450980392157;0,1700158008804464;60;2;10;0,66;0;0,25;1;10;12;150;200;0,08;6,0
280;2100;1,0000;0,98375000000000001;0,01624999999999999;0,827307692307692;0,1339420081171756;60;2;10;0,66;0;0,25;1;10;12;150;200;0,08;6,0
285;3300;1,0000;0,98454545454545450;0,01545454545454550;0,758222222222222;0,2037912132204394;60;2;10;0,66;0;0,50;1;10;12;150;200;0,08;6,0
286;NA;0,7490;NA;0,00000000000000000;0,711470588235294;0,0951382894404091;60;2;10;0,66;0;0,50;1;10;12;150;200;0,08;6,0
287;NA;0,1715;NA;0,00000000000000000;0,278431372549020;0,1165224879415061;60;2;10;0,66;0;0,50;1;10;12;150;200;0,08;6,0
288;3700;1,0000;0,98076923076923073;0,01923076923076927;0,837843137254902;0,1474220299072048;60;2;10;0,66;0;0,50;1;10;12;150;200;0,08;6,0
293;1200;1,0000;0,98222222222222222;0,01777777777777778;0,863409090909091;0,1685398523144654;60;2;10;0,83;0;0,00;1;10;12;150;200;0,08;6,0
294;1100;1,0000;0,98590909090909085;0,01409090909090915;0,851739130434783;0,1821251361492732;60;2;10;0,83;0;0,00;1;10;12;150;200;0,08;6,0
295;1200;1,0000;0,99249999999999994;0,00750000000000006;0,805714285714286;0,2257115732205912;60;2;10;0,83;0;0,00;1;10;12;150;200;0,08;6,0
296;1100;1,0000;0,97750000000000004;0,02249999999999996;0,775625000000000;0,1917713482249108;60;2;10;0,83;0;0,00;1;10;12;150;200;0,08;6,0
301;3400;1,0000;0,98062499999999997;0,01937500000000003;0,775392156862745;0,1897731359736011;60;2;10;0,83;0;0,25;1;10;12;150;200;0,08;6,0
302;1700;1,0000;0,97166666666666668;0,02833333333333332;0,863939393939394;0,1463821922643639;60;2;10;0,83;0;0,25;1;10;12;150;200;0,08;6,0
303;1400;1,0000;0,97166666666666668;0,02833333333333332;0,777142857142857;0,2084380689111962;60;2;10;0,83;0;0,25;1;10;12;150;200;0,08;6,0
304;2400;1,0000;0,96942307692307694;0,03057692307692306;0,851568627450980;0,1689689030445497;60;2;10;0,83;0;0,25;1;10;12;150;200;0,08;6,0
309;4700;1,0000;0,96166666666666667;0,03833333333333333;0,833921568627451;0,1317319768525858;60;2;10;0,83;0;0,50;1;10;12;150;200;0,08;6,0
310;NA;0,8685;NA;0,00000000000000000;0,688823529411765;0,1130733754483969;60;2;10;0,83;0;0,50;1;10;12;150;200;0,08;6,0
311;NA;0,8865;NA;0,00000000000000000;0,738039215686275;0,1388527220884508;60;2;10;0,83;0;0,50;1;10;12;150;200;0,08;6,0
312;NA;0,4005;NA;0,00000000000000000;0,305882352941176;0,0684741256413906;60;2;10;0,83;0;0,50;1;10;12;150;200;0,08;6,0
317;1000;1,0000;0,98599999999999999;0,01400000000000001;0,808437500000000;0,1936897755862881;60;2;10;1,00;0;0,00;1;10;12;150;200;0,08;6,0
318;900;1,0000;0,98375000000000001;0,01624999999999999;0,829166666666667;0,1988366903058002;60;2;10;1,00;0;0,00;1;10;12;150;200;0,08;6,0
319;900;1,0000;0,98437500000000000;0,01562500000000000;0,838611111111111;0,1951756792011597;60;2;10;1,00;0;0,00;1;10;12;150;200;0,08;6,0
320;900;1,0000;0,98875000000000002;0,01124999999999998;0,808571428571429;0,1908123178920602;60;2;10;1,00;0;0,00;1;10;12;150;200;0,08;6,0
325;3200;1,0000;0,98999999999999999;0,01000000000000001;0,823947368421053;0,1247384176215390;60;2;10;1,00;0;0,25;1;10;12;150;200;0,08;6,0
326;1700;1,0000;0,99249999999999994;0,00750000000000006;0,830178571428571;0,1990369505191377;60;2;10;1,00;0;0,25;1;10;12;150;200;0,08;6,0
327;1400;1,0000;0,98538461538461541;0,01461538461538459;0,798928571428571;0,2206990457230588;60;2;10;1,00;0;0,25;1;10;12;150;200;0,08;6,0
328;1300;1,0000;0,98137931034482762;0,01862068965517238;0,893372093023256;0,1679382005460872;60;2;10;1,00;0;0,25;1;10;12;150;200;0,08;6,0
333;NA;0,2075;NA;0,00000000000000000;0,357058823529412;0,1048912602202311;60;2;10;1,00;0;0,50;1;10;12;150;200;0,08;6,0
334;2600;1,0000;0,97666666666666668;0,02333333333333332;0,770303030303030;0,1657791235440407;60;2;10;1,00;0;0,50;1;10;12;150;200;0,08;6,0
335;NA;0,6965;NA;0,00000000000000000;0,572549019607843;0,1223657327400919;60;2;10;1,00;0;0,50;1;10;12;150;200;0,08;6,0
336;2600;1,0000;0,96324999999999994;0,03675000000000006;0,825638297872340;0,1624962107293201;60;2;10;1,00;0;0,50;1;10;12;150;200;0,08;6,0
341;3000;1,0000;0,96950000000000003;0,03049999999999997;0,823921568627451;0,1922012323724543;65;2;10;0,00;0;0,00;1;10;12;150;200;0,08;6,5
342;3200;1,0000;0,93694444444444447;0,06305555555555553;0,691078431372549;0,2699561329651360;65;2;10;0,00;0;0,00;1;10;12;150;200;0,08;6,5
343;3500;1,0000;0,96899999999999997;0,03100000000000003;0,764705882352941;0,2249809142231978;65;2;10;0,00;0;0,00;1;10;12;150;200;0,08;6,5
344;2600;1,0000;0,94874999999999998;0,05125000000000002;0,831176470588235;0,1725821202653801;65;2;10;0,00;0;0,00;1;10;12;150;200;0,08;6,5
349;NA;0,2415;NA;0,00000000000000000;0,322058823529412;0,0595833573289407;65;2;10;0,00;0;0,25;1;10;12;150;200;0,08;6,5
350;NA;0,4960;NA;0,00000000000000000;0,512450980392157;0,0489629712029367;65;2;10;0,00;0;0,25;1;10;12;150;200;0,08;6,5
351;5000;0,0000;NA;0,00000000000000000;0,387549019607843;0,1354266316092208;65;2;10;0,00;0;0,25;1;10;12;150;200;0,08;6,5
352;4300;0,0000;0,05000000000000000;0,05000000000000000;0,226078431372549;0,1218823765992861;65;2;10;0,00;0;0,25;1;10;12;150;200;0,08;6,5
357;1400;0,0000;0,01200000000000000;0,01200000000000000;0,196000000000000;0,1784995945742116;65;2;10;0,00;0;0,50;1;10;12;150;200;0,08;6,5
358;2000;0,0000;0,01187500000000000;0,01187500000000000;0,202413793103448;0,1734503875631669;65;2;10;0,00;0;0,50;1;10;12;150;200;0,08;6,5
359;1900;0,0000;0,00600000000000000;0,00600000000000000;0,240000000000000;0,1847689999251317;65;2;10;0,00;0;0,50;1;10;12;150;200;0,08;6,5
360;1200;0,0000;0,00250000000000000;0,00250000000000000;0,197333333333333;0,1800978569979057;65;2;10;0,00;0;0,50;1;10;12;150;200;0,08;6,5
365;1600;1,0000;0,96833333333333327;0,03166666666666673;0,871406250000000;0,1272807056241972;65;2;10;0,16;0;0,00;1;10;12;150;200;0,08;6,5
366;2100;1,0000;0,99166666666666670;0,00833333333333330;0,754193548387097;0,2201064014448222;65;2;10;0,16;0;0,00;1;10;12;150;200;0,08;6,5
367;1800;1,0000;0,99142857142857144;0,00857142857142856;0,799615384615385;0,1848346454370667;65;2;10;0,16;0;0,00;1;10;12;150;200;0,08;6,5
368;3000;1,0000;0,98199999999999998;0,01800000000000002;0,808048780487805;0,1705428027240540;65;2;10;0,16;0;0,00;1;10;12;150;200;0,08;6,5
373;NA;0,8310;NA;0,00000000000000000;0,696568627450980;0,0999424344114072;65;2;10;0,16;0;0,25;1;10;12;150;200;0,08;6,5
374;NA;0,7390;NA;0,00000000000000000;0,616078431372549;0,1230906727802322;65;2;10;0,16;0;0,25;1;10;12;150;200;0,08;6,5
375;NA;0,8760;NA;0,00000000000000000;0,791568627450980;0,1216449349380336;65;2;10;0,16;0;0,25;1;10;12;150;200;0,08;6,5
376;4100;1,0000;0,98611111111111105;0,01388888888888895;0,729901960784314;0,1864094691695635;65;2;10;0,16;0;0,25;1;10;12;150;200;0,08;6,5
381;2100;0,0000;0,02750000000000000;0,02750000000000000;0,199666666666667;0,1715544215117462;65;2;10;0,16;0;0,50;1;10;12;150;200;0,08;6,5
382;NA;0,1320;NA;0,00000000000000000;0,262352941176471;0,1137776469310931;65;2;10;0,16;0;0,50;1;10;12;150;200;0,08;6,5
383;4300;0,0000;0,01625000000000000;0,01625000000000000;0,299270833333333;0,1569116487523613;65;2;10;0,16;0;0,50;1;10;12;150;200;0,08;6,5
384;3900;1,0000;0,90590909090909089;0,09409090909090911;0,778137254901961;0,1314190274819964;65;2;10;0,16;0;0,50;1;10;12;150;200;0,08;6,5
389;1500;1,0000;0,97928571428571431;0,02071428571428569;0,774347826086957;0,2006144218271939;65;2;10;0,33;0;0,00;1;10;12;150;200;0,08;6,5
390;1400;1,0000;0,96968750000000004;0,03031249999999996;0,851129032258064;0,1652912060446620;65;2;10;0,33;0;0,00;1;10;12;150;200;0,08;6,5
391;1300;1,0000;0,98849999999999993;0,01150000000000007;0,855833333333333;0,1654090231140255;65;2;10;0,33;0;0,00;1;10;12;150;200;0,08;6,5
392;1800;1,0000;0,99249999999999994;0,00750000000000006;0,802826086956522;0,1758797761318052;65;2;10;0,33;0;0,00;1;10;12;150;200;0,08;6,5
397;4100;1,0000;0,98777777777777775;0,01222222222222225;0,763137254901961;0,1766888813262276;65;2;10;0,33;0;0,25;1;10;12;150;200;0,08;6,5
398;3100;1,0000;0,95789473684210524;0,04210526315789476;0,782058823529412;0,2043310462719462;65;2;10;0,33;0;0,25;1;10;12;150;200;0,08;6,5
399;NA;0,8710;NA;0,00000000000000000;0,776960784313726;0,1035909186723071;65;2;10;0,33;0;0,25;1;10;12;150;200;0,08;6,5
400;2300;1,0000;0,98071428571428565;0,01928571428571435;0,811000000000000;0,2159113875475939;65;2;10;0,33;0;0,25;1;10;12;150;200;0,08;6,5
405;3800;1,0000;0,96124999999999994;0,03875000000000006;0,732352941176471;0,1822974298808858;65;2;10;0,33;0;0,50;1;10;12;150;200;0,08;6,5
406;NA;0,8195;NA;0,00000000000000000;0,574803921568627;0,1507513210035445;65;2;10;0,33;0;0,50;1;10;12;150;200;0,08;6,5
407;5000;0,0000;NA;0,00000000000000000;0,250980392156863;0,1471530482451625;65;2;10;0,33;0;0,50;1;10;12;150;200;0,08;6,5
408;NA;0,3315;NA;0,00000000000000000;0,362843137254902;0,0779567502013827;65;2;10;0,33;0;0,50;1;10;12;150;200;0,08;6,5
413;1200;1,0000;0,98999999999999999;0,01000000000000001;0,748888888888889;0,2512940365596795;65;2;10;0,50;0;0,00;1;10;12;150;200;0,08;6,5
414;1300;1,0000;0,98849999999999993;0,01150000000000007;0,898382352941176;0,1369346260094813;65;2;10;0,50;0;0,00;1;10;12;150;200;0,08;6,5
415;1700;1,0000;0,98214285714285710;0,01785714285714290;0,780000000000000;0,1767118652873466;65;2;10;0,50;0;0,00;1;10;12;150;200;0,08;6,5
416;1100;1,0000;0,98499999999999999;0,01500000000000001;0,861578947368421;0,1412154838022271;65;2;10;0,50;0;0,00;1;10;12;150;200;0,08;6,5
421;2300;1,0000;0,98583333333333334;0,01416666666666666;0,829027777777778;0,1708333333333333;65;2;10;0,50;0;0,25;1;10;12;150;200;0,08;6,5
422;3200;1,0000;0,97027777777777779;0,02972222222222221;0,777843137254902;0,2000156366436404;65;2;10;0,50;0;0,25;1;10;12;150;200;0,08;6,5
423;1800;1,0000;0,97531250000000003;0,02468749999999997;0,853428571428571;0,1543524015541910;65;2;10;0,50;0;0,25;1;10;12;150;200;0,08;6,5
424;4700;1,0000;0,93999999999999995;0,06000000000000005;0,810686274509804;0,1533819402923406;65;2;10;0,50;0;0,25;1;10;12;150;200;0,08;6,5
429;NA;0,8265;NA;0,00000000000000000;0,733235294117647;0,0880330820169995;65;2;10;0,50;0;0,50;1;10;12;150;200;0,08;6,5
430;NA;0,4225;NA;0,00000000000000000;0,297843137254902;0,0989558229815749;65;2;10;0,50;0;0,50;1;10;12;150;200;0,08;6,5
431;NA;0,5990;NA;0,00000000000000000;0,523431372549020;0,0599040081804083;65;2;10;0,50;0;0,50;1;10;12;150;200;0,08;6,5
432;NA;0,6835;NA;0,00000000000000000;0,617352941176471;0,0664706923476540;65;2;10;0,50;0;0,50;1;10;12;150;200;0,08;6,5
437;900;1,0000;0,98699999999999999;0,01300000000000001;0,866500000000000;0,1749593937851986;65;2;10;0,66;0;0,00;1;10;12;150;200;0,08;6,5
438;1300;1,0000;0,99500000000000000;0,00500000000000000;0,814444444444444;0,1758750299041648;65;2;10;0,66;0;0,00;1;10;12;150;200;0,08;6,5
439;1200;1,0000;0,99083333333333334;0,00916666666666666;0,800000000000000;0,1998263134713633;65;2;10;0,66;0;0,00;1;10;12;150;200;0,08;6,5
440;1500;1,0000;0,98999999999999999;0,01000000000000001;0,861296296296296;0,1437652506464872;65;2;10;0,66;0;0,00;1;10;12;150;200;0,08;6,5
445;2200;1,0000;0,95558823529411763;0,04441176470588237;0,813750000000000;0,1945005108423850;65;2;10;0,66;0;0,25;1;10;12;150;200;0,08;6,5
446;3000;1,0000;0,97599999999999998;0,02400000000000002;0,819634146341463;0,1489982812145095;65;2;10;0,66;0;0,25;1;10;12;150;200;0,08;6,5
447;2000;1,0000;0,96821428571428569;0,03178571428571431;0,892040816326531;0,1321375481559010;65;2;10;0,66;0;0,25;1;10;12;150;200;0,08;6,5
448;NA;0,7395;NA;0,00000000000000000;0,712941176470588;0,1048006510981121;65;2;10;0,66;0;0,25;1;10;12;150;200;0,08;6,5
453;NA;0,6755;NA;0,00000000000000000;0,608823529411765;0,1381216428923944;65;2;10;0,66;0;0,50;1;10;12;150;200;0,08;6,5
454;NA;0,6640;NA;0,00000000000000000;0,632647058823529;0,0775844890501734;65;2;10;0,66;0;0,50;1;10;12;150;200;0,08;6,5
455;NA;0,5605;NA;0,00000000000000000;0,469803921568627;0,0792777445713091;65;2;10;0,66;0;0,50;1;10;12;150;200;0,08;6,5
456;NA;0,4105;NA;0,00000000000000000;0,509509803921569;0,1212074869880602;65;2;10;0,66;0;0,50;1;10;12;150;200;0,08;6,5
461;1200;1,0000;0,98666666666666669;0,01333333333333331;0,774062500000000;0,1774656656933954;65;2;10;0,83;0;0,00;1;10;12;150;200;0,08;6,5
462;1200;1,0000;0,98875000000000002;0,01124999999999998;0,792647058823529;0,1737105858808231;65;2;10;0,83;0;0,00;1;10;12;150;200;0,08;6,5
463;1100;1,0000;0,98333333333333328;0,01666666666666672;0,795333333333333;0,1932935098558173;65;2;10;0,83;0;0,00;1;10;12;150;200;0,08;6,5
464;1100;1,0000;0,98937500000000000;0,01062500000000000;0,851000000000000;0,1768258137859194;65;2;10;0,83;0;0,00;1;10;12;150;200;0,08;6,5
469;1700;1,0000;0,97653846153846147;0,02346153846153853;0,858548387096774;0,1530751098229618;65;2;10;0,83;0;0,25;1;10;12;150;200;0,08;6,5
470;1700;1,0000;0,98666666666666669;0,01333333333333331;0,875277777777778;0,1605701646563825;65;2;10;0,83;0;0,25;1;10;12;150;200;0,08;6,5
471;2300;1,0000;0,97208333333333330;0,02791666666666670;0,870000000000000;0,1264628686328803;65;2;10;0,83;0;0,25;1;10;12;150;200;0,08;6,5
472;2100;1,0000;0,98249999999999993;0,01750000000000007;0,802142857142857;0,1732982259928679;65;2;10;0,83;0;0,25;1;10;12;150;200;0,08;6,5
477;NA;0,3470;NA;0,00000000000000000;0,438823529411765;0,0848975160725808;65;2;10;0,83;0;0,50;1;10;12;150;200;0,08;6,5
478;1800;1,0000;0,98916666666666664;0,01083333333333336;0,782200000000000;0,1624235717704381;65;2;10;0,83;0;0,50;1;10;12;150;200;0,08;6,5
479;4900;1,0000;0,97499999999999998;0,02500000000000002;0,763039215686275;0,1333232104000371;65;2;10;0,83;0;0,50;1;10;12;150;200;0,08;6,5
480;NA;0,3740;NA;0,00000000000000000;0,440980392156863;0,0834387176785642;65;2;10;0,83;0;0,50;1;10;12;150;200;0,08;6,5
485;1000;1,0000;0,98388888888888892;0,01611111111111108;0,840750000000000;0,1840500146556279;65;2;10;1,00;0;0,00;1;10;12;150;200;0,08;6,5
486;1000;1,0000;0,98699999999999999;0,01300000000000001;0,773125000000000;0,2220651180772583;65;2;10;1,00;0;0,00;1;10;12;150;200;0,08;6,5
487;1100;1,0000;0,98533333333333328;0,01466666666666672;0,856481481481482;0,1929020018978091;65;2;10;1,00;0;0,00;1;10;12;150;200;0,08;6,5
488;900;1,0000;0,98083333333333333;0,01916666666666667;0,819375000000000;0,2009135386179836;65;2;10;1,00;0;0,00;1;10;12;150;200;0,08;6,5
493;2600;1,0000;0,98999999999999999;0,01000000000000001;0,811562500000000;0,1421235122769469;65;2;10;1,00;0;0,25;1;10;12;150;200;0,08;6,5
494;1900;1,0000;0,98156250000000000;0,01843750000000000;0,833750000000000;0,1777211901506723;65;2;10;1,00;0;0,25;1;10;12;150;200;0,08;6,5
495;2000;1,0000;0,98083333333333333;0,01916666666666667;0,909607843137255;0,1255700726178611;65;2;10;1,00;0;0,25;1;10;12;150;200;0,08;6,5
496;1800;1,0000;0,98699999999999999;0,01300000000000001;0,884102564102564;0,1695616321533722;65;2;10;1,00;0;0,25;1;10;12;150;200;0,08;6,5
501;3000;1,0000;0,98466666666666669;0,01533333333333331;0,813804347826087;0,1832581202766824;65;2;10;1,00;0;0,50;1;10;12;150;200;0,08;6,5
502;2900;1,0000;0,98499999999999999;0,01500000000000001;0,732000000000000;0,2298544690082769;65;2;10;1,00;0;0,50;1;10;12;150;200;0,08;6,5
503;2200;1,0000;0,99249999999999994;0,00750000000000006;0,739259259259259;0,1732644915889694;65;2;10;1,00;0;0,50;1;10;12;150;200;0,08;6,5
504;NA;0,6610;NA;0,00000000000000000;0,608235294117647;0,0518345785109879;65;2;10;1,00;0;0,50;1;10;12;150;200;0,08;6,5
509;2100;1,0000;0,99750000000000005;0,00249999999999995;0,778333333333333;0,1640364929352391;75;2;10;0,00;0;0,00;1;10;12;150;200;0,08;7,5
510;3700;1,0000;0,94884615384615378;0,05115384615384622;0,837549019607843;0,1482982553809033;75;2;10;0,00;0;0,00;1;10;12;150;200;0,08;7,5
511;2700;1,0000;0,94739130434782604;0,05260869565217396;0,815000000000000;0,1715517414659496;75;2;10;0,00;0;0,00;1;10;12;150;200;0,08;7,5
512;3500;1,0000;0,97999999999999998;0,02000000000000002;0,734523809523810;0,1831493110852105;75;2;10;0,00;0;0,00;1;10;12;150;200;0,08;7,5
517;2200;0,0000;0,02178571428571429;0,02178571428571429;0,213783783783784;0,1872365015361789;75;2;10;0,00;0;0,25;1;10;12;150;200;0,08;7,5
518;1400;0,0000;0,00875000000000000;0,00875000000000000;0,135434782608696;0,1426925576472198;75;2;10;0,00;0;0,25;1;10;12;150;200;0,08;7,5
519;4800;0,0000;0,01750000000000000;0,01750000000000000;0,326078431372549;0,1744199350002464;75;2;10;0,00;0;0,25;1;10;12;150;200;0,08;7,5
520;NA;0,4015;NA;0,00000000000000000;0,471470588235294;0,0760611209334116;75;2;10;0,00;0;0,25;1;10;12;150;200;0,08;7,5
525;2400;0,0000;0,01666666666666667;0,01666666666666667;0,287903225806452;0,2067396679947529;75;2;10;0,00;0;0,50;1;10;12;150;200;0,08;7,5
526;2200;0,0000;0,01000000000000000;0,01000000000000000;0,209666666666667;0,1712979524271879;75;2;10;0,00;0;0,50;1;10;12;150;200;0,08;7,5
527;1600;0,0000;0,01500000000000000;0,01500000000000000;0,177291666666667;0,1678701566471945;75;2;10;0,00;0;0,50;1;10;12;150;200;0,08;7,5
528;1200;0,0000;0,01125000000000000;0,01125000000000000;0,192941176470588;0,1516581149280493;75;2;10;0,00;0;0,50;1;10;12;150;200;0,08;7,5
533;1500;1,0000;0,98849999999999993;0,01150000000000007;0,854615384615385;0,1552219254932954;75;2;10;0,16;0;0,00;1;10;12;150;200;0,08;7,5
534;2700;1,0000;0,98687499999999995;0,01312500000000005;0,844583333333333;0,1464648909661093;75;2;10;0,16;0;0,00;1;10;12;150;200;0,08;7,5
535;1500;1,0000;0,97291666666666665;0,02708333333333335;0,811785714285714;0,1907549052119862;75;2;10;0,16;0;0,00;1;10;12;150;200;0,08;7,5
536;1800;1,0000;0,97727272727272729;0,02272727272727271;0,787166666666667;0,2080354882413481;75;2;10;0,16;0;0,00;1;10;12;150;200;0,08;7,5
541;2800;1,0000;0,92249999999999999;0,07750000000000001;0,820196078431373;0,1588520090660289;75;2;10;0,16;0;0,25;1;10;12;150;200;0,08;7,5
542;4200;1,0000;0,98499999999999999;0,01500000000000001;0,657717391304348;0,1953507003705533;75;2;10;0,16;0;0,25;1;10;12;150;200;0,08;7,5
543;3800;1,0000;0,97999999999999998;0,02000000000000002;0,823235294117647;0,1711047150998819;75;2;10;0,16;0;0,25;1;10;12;150;200;0,08;7,5
544;NA;0,6410;NA;0,00000000000000000;0,496078431372549;0,1364855806504489;75;2;10;0,16;0;0,25;1;10;12;150;200;0,08;7,5
549;3500;0,0000;0,01312500000000000;0,01312500000000000;0,186590909090909;0,1431610441656395;75;2;10;0,16;0;0,50;1;10;12;150;200;0,08;7,5
550;3800;1,0000;0,97722222222222221;0,02277777777777779;0,772500000000000;0,1673510770169209;75;2;10;0,16;0;0,50;1;10;12;150;200;0,08;7,5
551;NA;0,5370;NA;0,00000000000000000;0,434705882352941;0,1176495293858241;75;2;10;0,16;0;0,50;1;10;12;150;200;0,08;7,5
552;3200;0,0000;0,01500000000000000;0,01500000000000000;0,182916666666667;0,1380392025062860;75;2;10;0,16;0;0,50;1;10;12;150;200;0,08;7,5
557;2200;1,0000;0,98035714285714282;0,01964285714285718;0,882745098039216;0,1498009136336965;75;2;10;0,33;0;0,00;1;10;12;150;200;0,08;7,5
558;1500;1,0000;0,98499999999999999;0,01500000000000001;0,846346153846154;0,1515094564197740;75;2;10;0,33;0;0,00;1;10;12;150;200;0,08;7,5
559;1700;1,0000;0,98199999999999998;0,01800000000000002;0,796956521739130;0,1470369397807199;75;2;10;0,33;0;0,00;1;10;12;150;200;0,08;7,5
560;1600;1,0000;0,98388888888888892;0,01611111111111108;0,897285714285714;0,1360597990133861;75;2;10;0,33;0;0,00;1;10;12;150;200;0,08;7,5
565;2600;1,0000;0,96352941176470586;0,03647058823529414;0,835454545454545;0,1597265766276355;75;2;10;0,33;0;0,25;1;10;12;150;200;0,08;7,5
566;3200;1,0000;0,98249999999999993;0,01750000000000007;0,771219512195122;0,2082029673413808;75;2;10;0,33;0;0,25;1;10;12;150;200;0,08;7,5
567;3000;1,0000;0,96799999999999997;0,03200000000000003;0,832073170731707;0,1449438495148901;75;2;10;0,33;0;0,25;1;10;12;150;200;0,08;7,5
568;NA;0,8735;NA;0,00000000000000000;0,747450980392157;0,1148711127700068;75;2;10;0,33;0;0,25;1;10;12;150;200;0,08;7,5
573;NA;0,3210;NA;0,00000000000000000;0,481764705882353;0,1052274846673233;75;2;10;0,33;0;0,50;1;10;12;150;200;0,08;7,5
574;4900;1,0000;0,97499999999999998;0,02500000000000002;0,677647058823529;0,1511567164937651;75;2;10;0,33;0;0,50;1;10;12;150;200;0,08;7,5
575;NA;0,6630;NA;0,00000000000000000;0,687647058823529;0,0381097486370150;75;2;10;0,33;0;0,50;1;10;12;150;200;0,08;7,5
576;NA;0,2260;NA;0,00000000000000000;0,354705882352941;0,0872262103080598;75;2;10;0,33;0;0,50;1;10;12;150;200;0,08;7,5
581;1400;1,0000;0,98307692307692307;0,01692307692307693;0,863750000000000;0,1675621775142986;75;2;10;0,50;0;0,00;1;10;12;150;200;0,08;7,5
582;1400;1,0000;0,97583333333333333;0,02416666666666667;0,855000000000000;0,1696376228226601;75;2;10;0,50;0;0,00;1;10;12;150;200;0,08;7,5
583;1400;1,0000;0,98049999999999993;0,01950000000000007;0,835800000000000;0,1801427674558894;75;2;10;0,50;0;0,00;1;10;12;150;200;0,08;7,5
584;1700;1,0000;0,98833333333333329;0,01166666666666671;0,776458333333333;0,1923791499067417;75;2;10;0,50;0;0,00;1;10;12;150;200;0,08;7,5
589;3000;1,0000;0,97611111111111115;0,02388888888888885;0,830000000000000;0,1633503392507445;75;2;10;0,50;0;0,25;1;10;12;150;200;0,08;7,5
590;2300;1,0000;0,98944444444444446;0,01055555555555554;0,811666666666667;0,1817306844389980;75;2;10;0,50;0;0,25;1;10;12;150;200;0,08;7,5
591;3400;1,0000;0,97343749999999996;0,02656250000000004;0,821078431372549;0,1475578317999089;75;2;10;0,50;0;0,25;1;10;12;150;200;0,08;7,5
592;1800;1,0000;0,98666666666666669;0,01333333333333331;0,788400000000000;0,1834491300969654;75;2;10;0,50;0;0,25;1;10;12;150;200;0,08;7,5
597;NA;0,3040;NA;0,00000000000000000;0,436078431372549;0,0973566316461811;75;2;10;0,50;0;0,50;1;10;12;150;200;0,08;7,5
598;NA;0,4995;NA;0,00000000000000000;0,553921568627451;0,0715843120068231;75;2;10;0,50;0;0,50;1;10;12;150;200;0,08;7,5
599;NA;0,3670;NA;0,00000000000000000;0,547450980392157;0,1093177595316498;75;2;10;0,50;0;0,50;1;10;12;150;200;0,08;7,5
600;2500;1,0000;0,98730769230769233;0,01269230769230767;0,752179487179487;0,2336207984381699;75;2;10;0,50;0;0,50;1;10;12;150;200;0,08;7,5
605;1600;1,0000;0,98499999999999999;0,01500000000000001;0,797037037037037;0,2093499979756906;75;2;10;0,66;0;0,00;1;10;12;150;200;0,08;7,5
606;1400;1,0000;0,98666666666666669;0,01333333333333331;0,808888888888889;0,1602897702834349;75;2;10;0,66;0;0,00;1;10;12;150;200;0,08;7,5
607;1100;1,0000;0,98583333333333334;0,01416666666666666;0,812777777777778;0,1795764806936049;75;2;10;0,66;0;0,00;1;10;12;150;200;0,08;7,5
608;1000;1,0000;0,99099999999999999;0,00900000000000001;0,814375000000000;0,1784551764449549;75;2;10;0,66;0;0,00;1;10;12;150;200;0,08;7,5
613;1700;1,0000;0,97849999999999993;0,02150000000000007;0,821785714285714;0,1679076812358190;75;2;10;0,66;0;0,25;1;10;12;150;200;0,08;7,5
614;2200;1,0000;0,98416666666666663;0,01583333333333337;0,847285714285714;0,1747533676236264;75;2;10;0,66;0;0,25;1;10;12;150;200;0,08;7,5
615;3600;1,0000;0,98499999999999999;0,01500000000000001;0,831976744186047;0,1473259244590670;75;2;10;0,66;0;0,25;1;10;12;150;200;0,08;7,5
616;1700;1,0000;0,97464285714285714;0,02535714285714286;0,831093750000000;0,1894079671613461;75;2;10;0,66;0;0,25;1;10;12;150;200;0,08;7,5
621;4300;1,0000;0,97285714285714286;0,02714285714285714;0,772254901960784;0,1694234745408386;75;2;10;0,66;0;0,50;1;10;12;150;200;0,08;7,5
622;3900;1,0000;0,97833333333333328;0,02166666666666672;0,785326086956522;0,1520906242048289;75;2;10;0,66;0;0,50;1;10;12;150;200;0,08;7,5
623;NA;0,7005;NA;0,00000000000000000;0,705784313725490;0,0813595264798143;75;2;10;0,66;0;0,50;1;10;12;150;200;0,08;7,5
624;NA;0,6310;NA;0,00000000000000000;0,665588235294118;0,1237483214384079;75;2;10;0,66;0;0,50;1;10;12;150;200;0,08;7,5
629;1100;1,0000;0,98833333333333329;0,01166666666666671;0,776666666666667;0,2064553451083539;75;2;10;0,83;0;0,00;1;10;12;150;200;0,08;7,5
630;1000;1,0000;0,98799999999999999;0,01200000000000001;0,803437500000000;0,2030001539408283;75;2;10;0,83;0;0,00;1;10;12;150;200;0,08;7,5
631;1100;1,0000;0,99187499999999995;0,00812500000000005;0,839500000000000;0,1958443259326141;75;2;10;0,83;0;0,00;1;10;12;150;200;0,08;7,5
632;1000;1,0000;0,98437500000000000;0,01562500000000000;0,822894736842105;0,1966688968056724;75;2;10;0,83;0;0,00;1;10;12;150;200;0,08;7,5
637;1500;1,0000;0,98718750000000000;0,01281250000000000;0,879531250000000;0,1453991135383635;75;2;10;0,83;0;0,25;1;10;12;150;200;0,08;7,5
638;1900;1,0000;0,97699999999999998;0,02300000000000002;0,841333333333333;0,1685738011577766;75;2;10;0,83;0;0,25;1;10;12;150;200;0,08;7,5
639;2700;1,0000;0,97722222222222221;0,02277777777777779;0,776621621621622;0,1753569932311656;75;2;10;0,83;0;0,25;1;10;12;150;200;0,08;7,5
640;3700;1,0000;0,94346153846153846;0,05653846153846154;0,802941176470588;0,1776715409698138;75;2;10;0,83;0;0,25;1;10;12;150;200;0,08;7,5
645;NA;0,8540;NA;0,00000000000000000;0,712254901960784;0,1213849814659548;75;2;10;0,83;0;0,50;1;10;12;150;200;0,08;7,5
646;2700;1,0000;0,97249999999999992;0,02750000000000008;0,869800000000000;0,1368261223418322;75;2;10;0,83;0;0,50;1;10;12;150;200;0,08;7,5
647;3700;1,0000;0,97428571428571431;0,02571428571428569;0,818333333333333;0,1506878169654673;75;2;10;0,83;0;0,50;1;10;12;150;200;0,08;7,5
648;NA;0,8650;NA;0,00000000000000000;0,765490196078431;0,0847894740045059;75;2;10;0,83;0;0,50;1;10;12;150;200;0,08;7,5
653;900;1,0000;0,99333333333333329;0,00666666666666671;0,770384615384615;0,2069969961382445;75;2;10;1,00;0;0,00;1;10;12;150;200;0,08;7,5
654;900;1,0000;1,00000000000000000;0,00000000000000000;0,770000000000000;0,1777076250474357;75;2;10;1,00;0;0,00;1;10;12;150;200;0,08;7,5
655;1300;1,0000;0,98999999999999999;0,01000000000000001;0,817380952380952;0,1878072086450561;75;2;10;1,00;0;0,00;1;10;12;150;200;0,08;7,5
656;1000;1,0000;0,98785714285714288;0,01214285714285712;0,819722222222222;0,1932726831845605;75;2;10;1,00;0;0,00;1;10;12;150;200;0,08;7,5
661;1500;1,0000;0,98555555555555552;0,01444444444444448;0,801400000000000;0,1975502045894494;75;2;10;1,00;0;0,25;1;10;12;150;200;0,08;7,5
662;2900;1,0000;0,97699999999999998;0,02300000000000002;0,824888888888889;0,1739007321619568;75;2;10;1,00;0;0,25;1;10;12;150;200;0,08;7,5
663;2500;1,0000;0,95619999999999994;0,04380000000000006;0,843823529411765;0,1531031947259564;75;2;10;1,00;0;0,25;1;10;12;150;200;0,08;7,5
664;1900;1,0000;0,96809523809523812;0,03190476190476188;0,882682926829268;0,1352455986389927;75;2;10;1,00;0;0,25;1;10;12;150;200;0,08;7,5
669;NA;0,4555;NA;0,00000000000000000;0,467647058823529;0,0631454902679239;75;2;10;1,00;0;0,50;1;10;12;150;200;0,08;7,5
670;3900;1,0000;0,99388888888888893;0,00611111111111107;0,810918367346939;0,1462256869726118;75;2;10;1,00;0;0,50;1;10;12;150;200;0,08;7,5
671;NA;0,9045;NA;0,00000000000000000;0,735294117647059;0,1574846397738709;75;2;10;1,00;0;0,50;1;10;12;150;200;0,08;7,5
672;NA;0,6285;NA;0,00000000000000000;0,566470588235294;0,0775067359501551;75;2;10;1,00;0;0,50;1;10;12;150;200;0,08;7,5
677;2200;1,0000;0,99124999999999996;0,00875000000000004;0,750370370370370;0,1843800732075226;90;2;10;0,00;0;0,00;1;10;12;150;200;0,08;9,0
678;NA;0,8740;NA;0,00000000000000000;0,744215686274510;0,1430782043115569;90;2;10;0,00;0;0,00;1;10;12;150;200;0,08;9,0
679;2200;1,0000;0,98375000000000001;0,01624999999999999;0,822142857142857;0,1797968040769983;90;2;10;0,00;0;0,00;1;10;12;150;200;0,08;9,0
680;3700;1,0000;0,97038461538461540;0,02961538461538460;0,734607843137255;0,2543616384938084;90;2;10;0,00;0;0,00;1;10;12;150;200;0,08;9,0
685;NA;0,5505;NA;0,00000000000000000;0,419901960784314;0,1032980648225243;90;2;10;0,00;0;0,25;1;10;12;150;200;0,08;9,0
686;NA;0,3785;NA;0,00000000000000000;0,388823529411765;0,0819242835506916;90;2;10;0,00;0;0,25;1;10;12;150;200;0,08;9,0
687;NA;0,3135;NA;0,00000000000000000;0,366470588235294;0,0718908486362976;90;2;10;0,00;0;0,25;1;10;12;150;200;0,08;9,0
688;NA;0,8290;NA;0,00000000000000000;0,684705882352941;0,1164577681595602;90;2;10;0,00;0;0,25;1;10;12;150;200;0,08;9,0
693;1100;0,0000;0,01277777777777778;0,01277777777777778;0,146904761904762;0,1702092549663222;90;2;10;0,00;0;0,50;1;10;12;150;200;0,08;9,0
694;1500;0,0000;0,00833333333333333;0,00833333333333333;0,192500000000000;0,1758025813776568;90;2;10;0,00;0;0,50;1;10;12;150;200;0,08;9,0
695;3100;0,0000;0,01900000000000000;0,01900000000000000;0,167567567567568;0,1300407074172760;90;2;10;0,00;0;0,50;1;10;12;150;200;0,08;9,0
696;NA;0,4420;NA;0,00000000000000000;0,422254901960784;0,0721963553476919;90;2;10;0,00;0;0,50;1;10;12;150;200;0,08;9,0
701;1600;1,0000;0,98299999999999998;0,01700000000000002;0,868593750000000;0,1573481570922347;90;2;10;0,16;0;0,00;1;10;12;150;200;0,08;9,0
702;2000;1,0000;0,98666666666666669;0,01333333333333331;0,813166666666667;0,1825985012087398;90;2;10;0,16;0;0,00;1;10;12;150;200;0,08;9,0
703;1700;1,0000;0,98214285714285710;0,01785714285714290;0,776200000000000;0,2042939059296679;90;2;10;0,16;0;0,00;1;10;12;150;200;0,08;9,0
704;2200;1,0000;0,98541666666666661;0,01458333333333339;0,807571428571429;0,1874337978365390;90;2;10;0,16;0;0,00;1;10;12;150;200;0,08;9,0
709;4400;1,0000;0,97583333333333333;0,02416666666666667;0,784803921568627;0,1555730078911947;90;2;10;0,16;0;0,25;1;10;12;150;200;0,08;9,0
710;3700;1,0000;0,95999999999999996;0,04000000000000004;0,735784313725490;0,2025225235597750;90;2;10;0,16;0;0,25;1;10;12;150;200;0,08;9,0
711;NA;0,7515;NA;0,00000000000000000;0,594705882352941;0,1393284312863167;90;2;10;0,16;0;0,25;1;10;12;150;200;0,08;9,0
712;2300;1,0000;0,98599999999999999;0,01400000000000001;0,816896551724138;0,1454759049336218;90;2;10;0,16;0;0,25;1;10;12;150;200;0,08;9,0
717;NA;0,3720;NA;0,00000000000000000;0,423235294117647;0,0948621290579743;90;2;10;0,16;0;0,50;1;10;12;150;200;0,08;9,0
718;NA;0,5825;NA;0,00000000000000000;0,522058823529412;0,0460345139062881;90;2;10;0,16;0;0,50;1;10;12;150;200;0,08;9,0
719;NA;0,1610;NA;0,00000000000000000;0,204411764705882;0,1239057991331460;90;2;10;0,16;0;0,50;1;10;12;150;200;0,08;9,0
720;NA;0,6515;NA;0,00000000000000000;0,699215686274510;0,0536131751439850;90;2;10;0,16;0;0,50;1;10;12;150;200;0,08;9,0
725;1300;1,0000;0,99750000000000005;0,00249999999999995;0,729375000000000;0,2058954022475166;90;2;10;0,33;0;0,00;1;10;12;150;200;0,08;9,0
726;1600;1,0000;0,97444444444444445;0,02555555555555555;0,887613636363636;0,1492792320185589;90;2;10;0,33;0;0,00;1;10;12;150;200;0,08;9,0
727;2000;1,0000;0,97277777777777774;0,02722222222222226;0,844333333333333;0,1559218047464892;90;2;10;0,33;0;0,00;1;10;12;150;200;0,08;9,0
728;1500;1,0000;0,98961538461538456;0,01038461538461544;0,826896551724138;0,1955186043079836;90;2;10;0,33;0;0,00;1;10;12;150;200;0,08;9,0
733;NA;0,8495;NA;0,00000000000000000;0,748823529411765;0,1038055308511744;90;2;10;0,33;0;0,25;1;10;12;150;200;0,08;9,0
734;3900;1,0000;0,95772727272727265;0,04227272727272735;0,834313725490196;0,1376445407847443;90;2;10;0,33;0;0,25;1;10;12;150;200;0,08;9,0
735;2900;1,0000;0,93952380952380954;0,06047619047619046;0,817156862745098;0,1561866028248287;90;2;10;0,33;0;0,25;1;10;12;150;200;0,08;9,0
736;NA;0,8930;NA;0,00000000000000000;0,708333333333333;0,1619403182245443;90;2;10;0,33;0;0,25;1;10;12;150;200;0,08;9,0
741;NA;0,3730;NA;0,00000000000000000;0,518725490196078;0,0994677994994104;90;2;10;0,33;0;0,50;1;10;12;150;200;0,08;9,0
742;NA;0,5295;NA;0,00000000000000000;0,422647058823529;0,0672261328738793;90;2;10;0,33;0;0,50;1;10;12;150;200;0,08;9,0
743;NA;0,5105;NA;0,00000000000000000;0,553137254901961;0,0782621286722622;90;2;10;0,33;0;0,50;1;10;12;150;200;0,08;9,0
744;NA;0,5640;NA;0,00000000000000000;0,576960784313725;0,0828376631211465;90;2;10;0,33;0;0,50;1;10;12;150;200;0,08;9,0
749;1300;1,0000;0,98399999999999999;0,01600000000000001;0,818333333333333;0,2073888736830793;90;2;10;0,50;0;0,00;1;10;12;150;200;0,08;9,0
750;1200;1,0000;0,98499999999999999;0,01500000000000001;0,818055555555556;0,1656727718131783;90;2;10;0,50;0;0,00;1;10;12;150;200;0,08;9,0
751;1700;1,0000;0,98699999999999999;0,01300000000000001;0,830434782608696;0,1604249544425840;90;2;10;0,50;0;0,00;1;10;12;150;200;0,08;9,0
752;1100;1,0000;0,97937500000000000;0,02062500000000000;0,820000000000000;0,1842695394195545;90;2;10;0,50;0;0,00;1;10;12;150;200;0,08;9,0
757;4700;1,0000;0,91833333333333333;0,08166666666666667;0,766078431372549;0,1036885419199740;90;2;10;0,50;0;0,25;1;10;12;150;200;0,08;9,0
758;2500;1,0000;0,97499999999999998;0,02500000000000002;0,818829787234043;0,1877678167484393;90;2;10;0,50;0;0,25;1;10;12;150;200;0,08;9,0
759;2500;1,0000;0,98285714285714287;0,01714285714285713;0,748181818181818;0,2060598296832522;90;2;10;0,50;0;0,25;1;10;12;150;200;0,08;9,0
760;2500;1,0000;0,98588235294117643;0,01411764705882357;0,815232558139535;0,1845811006691977;90;2;10;0,50;0;0,25;1;10;12;150;200;0,08;9,0
765;3100;1,0000;0,95315789473684209;0,04684210526315791;0,769411764705882;0,1998915882642977;90;2;10;0,50;0;0,50;1;10;12;150;200;0,08;9,0
766;NA;0,6895;NA;0,00000000000000000;0,615588235294118;0,0634716240443202;90;2;10;0,50;0;0,50;1;10;12;150;200;0,08;9,0
767;NA;0,3335;NA;0,00000000000000000;0,440588235294118;0,0999332129915952;90;2;10;0,50;0;0,50;1;10;12;150;200;0,08;9,0
768;NA;0,4260;NA;0,00000000000000000;0,556470588235294;0,0888329562586266;90;2;10;0,50;0;0,50;1;10;12;150;200;0,08;9,0
773;1100;1,0000;0,98699999999999999;0,01300000000000001;0,780882352941176;0,2062707208842730;90;2;10;0,66;0;0,00;1;10;12;150;200;0,08;9,0
774;900;1,0000;0,98499999999999999;0,01500000000000001;0,813823529411765;0,2112132320944043;90;2;10;0,66;0;0,00;1;10;12;150;200;0,08;9,0
775;1200;1,0000;0,99500000000000000;0,00500000000000000;0,834736842105263;0,1951884679270164;90;2;10;0,66;0;0,00;1;10;12;150;200;0,08;9,0
776;1200;1,0000;0,99409090909090914;0,00590909090909086;0,860000000000000;0,1674683617102438;90;2;10;0,66;0;0,00;1;10;12;150;200;0,08;9,0
781;1600;1,0000;0,98222222222222222;0,01777777777777778;0,840961538461538;0,1643594793783993;90;2;10;0,66;0;0,25;1;10;12;150;200;0,08;9,0
782;1300;1,0000;0,98416666666666663;0,01583333333333337;0,893552631578947;0,1461483321591034;90;2;10;0,66;0;0,25;1;10;12;150;200;0,08;9,0
783;1700;1,0000;0,98999999999999999;0,01000000000000001;0,771666666666667;0,1595488430961921;90;2;10;0,66;0;0,25;1;10;12;150;200;0,08;9,0
784;3500;1,0000;0,97321428571428570;0,02678571428571430;0,837600000000000;0,1474727231783310;90;2;10;0,66;0;0,25;1;10;12;150;200;0,08;9,0
789;3500;1,0000;0,98333333333333328;0,01666666666666672;0,741547619047619;0,1987015414010883;90;2;10;0,66;0;0,50;1;10;12;150;200;0,08;9,0
790;3900;1,0000;0,97916666666666663;0,02083333333333337;0,759891304347826;0,1865817935932740;90;2;10;0,66;0;0,50;1;10;12;150;200;0,08;9,0
791;3000;1,0000;0,98178571428571426;0,01821428571428574;0,812444444444444;0,1825688606769755;90;2;10;0,66;0;0,50;1;10;12;150;200;0,08;9,0
792;NA;0,2275;NA;0,00000000000000000;0,283921568627451;0,1066832401340070;90;2;10;0,66;0;0,50;1;10;12;150;200;0,08;9,0
797;1000;1,0000;0,98199999999999998;0,01800000000000002;0,795312500000000;0,2065628939734014;90;2;10;0,83;0;0,00;1;10;12;150;200;0,08;9,0
798;1000;1,0000;0,98833333333333329;0,01166666666666671;0,789705882352941;0,2260770788652297;90;2;10;0,83;0;0,00;1;10;12;150;200;0,08;9,0
799;900;1,0000;0,98416666666666663;0,01583333333333337;0,793125000000000;0,2213584950557203;90;2;10;0,83;0;0,00;1;10;12;150;200;0,08;9,0
800;900;1,0000;0,99318181818181817;0,00681818181818183;0,871190476190476;0,1684332565284003;90;2;10;0,83;0;0,00;1;10;12;150;200;0,08;9,0
805;2100;1,0000;0,98249999999999993;0,01750000000000007;0,803500000000000;0,1677906639135555;90;2;10;0,83;0;0,25;1;10;12;150;200;0,08;9,0
806;2800;1,0000;0,98375000000000001;0,01624999999999999;0,809189189189189;0,1650526579000771;90;2;10;0,83;0;0,25;1;10;12;150;200;0,08;9,0
807;3500;1,0000;0,97699999999999998;0,02300000000000002;0,829313725490196;0,1376772298088654;90;2;10;0,83;0;0,25;1;10;12;150;200;0,08;9,0
808;1900;1,0000;0,98875000000000002;0,01124999999999998;0,815535714285714;0,1721882006846766;90;2;10;0,83;0;0,25;1;10;12;150;200;0,08;9,0
813;4100;1,0000;0,96111111111111114;0,03888888888888886;0,772450980392157;0,1868993647635529;90;2;10;0,83;0;0,50;1;10;12;150;200;0,08;9,0
814;NA;0,3085;NA;0,00000000000000000;0,439117647058824;0,0963468000628611;90;2;10;0,83;0;0,50;1;10;12;150;200;0,08;9,0
815;2000;1,0000;0,98499999999999999;0,01500000000000001;0,809032258064516;0,2017689245764352;90;2;10;0,83;0;0,50;1;10;12;150;200;0,08;9,0
816;NA;0,3900;NA;0,00000000000000000;0,410588235294118;0,0569178975263803;90;2;10;0,83;0;0,50;1;10;12;150;200;0,08;9,0
821;1000;1,0000;0,98833333333333329;0,01166666666666671;0,835588235294118;0,1792160214739217;90;2;10;1,00;0;0,00;1;10;12;150;200;0,08;9,0
822;1000;1,0000;0,99147058823529410;0,00852941176470590;0,872678571428571;0,1981744561727497;90;2;10;1,00;0;0,00;1;10;12;150;200;0,08;9,0
823;900;1,0000;0,98785714285714288;0,01214285714285712;0,827941176470588;0,1981323644020063;90;2;10;1,00;0;0,00;1;10;12;150;200;0,08;9,0
824;900;1,0000;0,99062499999999998;0,00937500000000002;0,829722222222222;0,2077291238341145;90;2;10;1,00;0;0,00;1;10;12;150;200;0,08;9,0
829;2700;1,0000;0,98115384615384615;0,01884615384615385;0,741829268292683;0,2474109842386777;90;2;10;1,00;0;0,25;1;10;12;150;200;0,08;9,0
830;1900;1,0000;0,97478260869565214;0,02521739130434786;0,869069767441860;0,1517605249113655;90;2;10;1,00;0;0,25;1;10;12;150;200;0,08;9,0
831;2400;1,0000;0,95634615384615385;0,04365384615384615;0,861568627450980;0,1366765897880044;90;2;10;1,00;0;0,25;1;10;12;150;200;0,08;9,0
832;1100;1,0000;0,98849999999999993;0,01150000000000007;0,861363636363636;0,1677241344630679;90;2;10;1,00;0;0,25;1;10;12;150;200;0,08;9,0
837;NA;0,8050;NA;0,00000000000000000;0,762843137254902;0,0841917745504915;90;2;10;1,00;0;0,50;1;10;12;150;200;0,08;9,0
838;NA;0,6265;NA;0,00000000000000000;0,527352941176471;0,0850020760992134;90;2;10;1,00;0;0,50;1;10;12;150;200;0,08;9,0
839;NA;0,7025;NA;0,00000000000000000;0,609803921568628;0,0852171390291514;90;2;10;1,00;0;0,50;1;10;12;150;200;0,08;9,0
840;NA;0,6655;NA;0,00000000000000000;0,641176470588235;0,1454461695449355;90;2;10;1,00;0;0,50;1;10;12;150;200;0,08;9,0
845;3700;1,0000;0,98699999999999999;0,01300000000000001;0,760697674418605;0,1750461891267452;105;2;10;0,00;0;0,00;1;10;12;150;200;0,08;10,5
846;2800;1,0000;0,98928571428571432;0,01071428571428568;0,808055555555556;0,1810180645199249;105;2;10;0,00;0;0,00;1;10;12;150;200;0,08;10,5
847;3600;1,0000;0,95714285714285707;0,04285714285714293;0,761078431372549;0,2190623512278872;105;2;10;0,00;0;0,00;1;10;12;150;200;0,08;10,5
848;2900;1,0000;0,97083333333333333;0,02916666666666667;0,812976190476191;0,1702260316705535;105;2;10;0,00;0;0,00;1;10;12;150;200;0,08;10,5
853;5000;1,0000;NA;0,00000000000000000;0,692156862745098;0,1843075009378641;105;2;10;0,00;0;0,25;1;10;12;150;200;0,08;10,5
854;NA;0,6035;NA;0,00000000000000000;0,570686274509804;0,0615712563445244;105;2;10;0,00;0;0,25;1;10;12;150;200;0,08;10,5
855;NA;0,8110;NA;0,00000000000000000;0,627843137254902;0,1384494669616347;105;2;10;0,00;0;0,25;1;10;12;150;200;0,08;10,5
856;3300;1,0000;0,89882352941176469;0,10117647058823531;0,777058823529412;0,1427416423843730;105;2;10;0,00;0;0,25;1;10;12;150;200;0,08;10,5
861;2700;0,0000;0,01666666666666667;0,01666666666666667;0,245147058823529;0,1945682294213993;105;2;10;0,00;0;0,50;1;10;12;150;200;0,08;10,5
862;1800;0,0000;0,01100000000000000;0,01100000000000000;0,173275862068966;0,1669007182539805;105;2;10;0,00;0;0,50;1;10;12;150;200;0,08;10,5
863;NA;0,3015;NA;0,00000000000000000;0,333725490196078;0,0780950903530747;105;2;10;0,00;0;0,50;1;10;12;150;200;0,08;10,5
864;3500;0,0000;0,01166666666666667;0,01166666666666667;0,346923076923077;0,1858076799465660;105;2;10;0,00;0;0,50;1;10;12;150;200;0,08;10,5
869;1600;1,0000;0,97133333333333327;0,02866666666666673;0,835625000000000;0,1878389409625583;105;2;10;0,16;0;0,00;1;10;12;150;200;0,08;10,5
870;2600;1,0000;0,98375000000000001;0,01624999999999999;0,774838709677419;0,1619181062089091;105;2;10;0,16;0;0,00;1;10;12;150;200;0,08;10,5
871;1800;1,0000;0,98312500000000003;0,01687499999999997;0,793703703703704;0,1971557008315265;105;2;10;0,16;0;0,00;1;10;12;150;200;0,08;10,5
872;2000;1,0000;0,98970588235294121;0,01029411764705879;0,838157894736842;0,2012038802371244;105;2;10;0,16;0;0,00;1;10;12;150;200;0,08;10,5
877;NA;0,8995;NA;0,00000000000000000;0,776666666666667;0,1331227503722285;105;2;10;0,16;0;0,25;1;10;12;150;200;0,08;10,5
878;5000;1,0000;NA;0,00000000000000000;0,719607843137255;0,2240822240545977;105;2;10;0,16;0;0,25;1;10;12;150;200;0,08;10,5
879;2400;1,0000;0,97277777777777774;0,02722222222222226;0,792647058823529;0,1709608997212859;105;2;10;0,16;0;0,25;1;10;12;150;200;0,08;10,5
880;3300;1,0000;0,97499999999999998;0,02500000000000002;0,740476190476191;0,2073932564812898;105;2;10;0,16;0;0,25;1;10;12;150;200;0,08;10,5
885;NA;0,6780;NA;0,00000000000000000;0,505588235294118;0,1144099954498012;105;2;10;0,16;0;0,50;1;10;12;150;200;0,08;10,5
886;NA;0,7600;NA;0,00000000000000000;0,597156862745098;0,1601819431208174;105;2;10;0,16;0;0,50;1;10;12;150;200;0,08;10,5
887;NA;0,6140;NA;0,00000000000000000;0,652549019607843;0,0588928904794085;105;2;10;0,16;0;0,50;1;10;12;150;200;0,08;10,5
888;NA;0,8360;NA;0,00000000000000000;0,748921568627451;0,0945743819725521;105;2;10;0,16;0;0,50;1;10;12;150;200;0,08;10,5
893;1400;1,0000;0,98428571428571432;0,01571428571428568;0,795227272727273;0,1930487063678569;105;2;10;0,33;0;0,00;1;10;12;150;200;0,08;10,5
894;1800;1,0000;0,98499999999999999;0,01500000000000001;0,795200000000000;0,1866228371162901;105;2;10;0,33;0;0,00;1;10;12;150;200;0,08;10,5
895;2300;1,0000;0,97285714285714286;0,02714285714285714;0,806129032258065;0,1702141282689706;105;2;10;0,33;0;0,00;1;10;12;150;200;0,08;10,5
896;1300;1,0000;0,99099999999999999;0,00900000000000001;0,801052631578947;0,1882121951664045;105;2;10;0,33;0;0,00;1;10;12;150;200;0,08;10,5
901;4500;1,0000;0,97699999999999998;0,02300000000000002;0,798529411764706;0,1581148130873482;105;2;10;0,33;0;0,25;1;10;12;150;200;0,08;10,5
902;4800;1,0000;0,93999999999999995;0,06000000000000005;0,785882352941176;0,1325243595809953;105;2;10;0,33;0;0,25;1;10;12;150;200;0,08;10,5
903;3000;1,0000;0,97964285714285715;0,02035714285714285;0,815666666666667;0,1715722747256836;105;2;10;0,33;0;0,25;1;10;12;150;200;0,08;10,5
904;NA;0,9005;NA;0,00000000000000000;0,788823529411765;0,1413916130302435;105;2;10;0,33;0;0,25;1;10;12;150;200;0,08;10,5
909;NA;0,4840;NA;0,00000000000000000;0,471078431372549;0,0674115251681061;105;2;10;0,33;0;0,50;1;10;12;150;200;0,08;10,5
910;NA;0,5285;NA;0,00000000000000000;0,630098039215686;0,0820517531566415;105;2;10;0,33;0;0,50;1;10;12;150;200;0,08;10,5
911;NA;0,3090;NA;0,00000000000000000;0,394901960784314;0,0521103655339169;105;2;10;0,33;0;0,50;1;10;12;150;200;0,08;10,5
912;4300;1,0000;0,96428571428571430;0,03571428571428570;0,754019607843137;0,1628435433409723;105;2;10;0,33;0;0,50;1;10;12;150;200;0,08;10,5
917;1500;1,0000;0,98199999999999998;0,01800000000000002;0,759523809523809;0,2054988124169138;105;2;10;0,50;0;0,00;1;10;12;150;200;0,08;10,5
918;1100;1,0000;0,98444444444444446;0,01555555555555554;0,873333333333333;0,1725634982246831;105;2;10;0,50;0;0,00;1;10;12;150;200;0,08;10,5
919;1300;1,0000;0,98333333333333328;0,01666666666666672;0,811250000000000;0,2006953373176682;105;2;10;0,50;0;0,00;1;10;12;150;200;0,08;10,5
920;1000;1,0000;0,98249999999999993;0,01750000000000007;0,834473684210526;0,1818492563822674;105;2;10;0,50;0;0,00;1;10;12;150;200;0,08;10,5
925;3000;1,0000;0,91175000000000006;0,08824999999999994;0,780490196078431;0,1822861895535720;105;2;10;0,50;0;0,25;1;10;12;150;200;0,08;10,5
926;NA;0,8115;NA;0,00000000000000000;0,816470588235294;0,1282158107163351;105;2;10;0,50;0;0,25;1;10;12;150;200;0,08;10,5
927;2100;1,0000;0,97499999999999998;0,02500000000000002;0,847428571428571;0,1402695484361713;105;2;10;0,50;0;0,25;1;10;12;150;200;0,08;10,5
928;4200;1,0000;0,97375000000000000;0,02625000000000000;0,748431372549020;0,1769844348977571;105;2;10;0,50;0;0,25;1;10;12;150;200;0,08;10,5
933;5000;1,0000;NA;0,00000000000000000;0,703529411764706;0,1374237756636277;105;2;10;0,50;0;0,50;1;10;12;150;200;0,08;10,5
934;1600;1,0000;0,97299999999999998;0,02700000000000002;0,781818181818182;0,1722024380015558;105;2;10;0,50;0;0,50;1;10;12;150;200;0,08;10,5
935;3800;1,0000;0,93916666666666671;0,06083333333333329;0,747352941176471;0,1633748846707365;105;2;10;0,50;0;0,50;1;10;12;150;200;0,08;10,5
936;4800;1,0000;0,96750000000000003;0,03249999999999997;0,765000000000000;0,1294449690022752;105;2;10;0,50;0;0,50;1;10;12;150;200;0,08;10,5
941;900;1,0000;0,98999999999999999;0,01000000000000001;0,790384615384615;0,1997963706967415;105;2;10;0,66;0;0,00;1;10;12;150;200;0,08;10,5
942;1300;1,0000;0,98875000000000002;0,01124999999999998;0,821666666666667;0,1553175116069167;105;2;10;0,66;0;0,00;1;10;12;150;200;0,08;10,5
943;1000;1,0000;0,98954545454545451;0,01045454545454549;0,851590909090909;0,1839667824806344;105;2;10;0,66;0;0,00;1;10;12;150;200;0,08;10,5
944;1100;1,0000;0,98499999999999999;0,01500000000000001;0,757000000000000;0,2141161233670045;105;2;10;0,66;0;0,00;1;10;12;150;200;0,08;10,5
949;2400;1,0000;0,96750000000000003;0,03249999999999997;0,788939393939394;0,1561787716436559;105;2;10;0,66;0;0,25;1;10;12;150;200;0,08;10,5
950;1800;1,0000;0,97833333333333328;0,02166666666666672;0,868918918918919;0,1520148710522132;105;2;10;0,66;0;0,25;1;10;12;150;200;0,08;10,5
951;NA;0,6700;NA;0,00000000000000000;0,579313725490196;0,0975295832444861;105;2;10;0,66;0;0,25;1;10;12;150;200;0,08;10,5
952;1900;1,0000;0,98972222222222217;0,01027777777777783;0,876973684210526;0,1462760232042084;105;2;10;0,66;0;0,25;1;10;12;150;200;0,08;10,5
957;NA;0,7775;NA;0,00000000000000000;0,599509803921569;0,1449491459166310;105;2;10;0,66;0;0,50;1;10;12;150;200;0,08;10,5
958;NA;0,1840;NA;0,00000000000000000;0,380098039215686;0,1516723118966624;105;2;10;0,66;0;0,50;1;10;12;150;200;0,08;10,5
959;4300;1,0000;0,98499999999999999;0,01500000000000001;0,650000000000000;0,2016386948611454;105;2;10;0,66;0;0,50;1;10;12;150;200;0,08;10,5
960;3400;1,0000;0,96821428571428569;0,03178571428571431;0,821326530612245;0,1674028807691072;105;2;10;0,66;0;0,50;1;10;12;150;200;0,08;10,5
965;1000;1,0000;0,98099999999999998;0,01900000000000002;0,858809523809524;0,1810449168155845;105;2;10;0,83;0;0,00;1;10;12;150;200;0,08;10,5
966;1100;1,0000;0,98249999999999993;0,01750000000000007;0,810312500000000;0,1816174436372601;105;2;10;0,83;0;0,00;1;10;12;150;200;0,08;10,5
967;1300;1,0000;0,98333333333333328;0,01666666666666672;0,764411764705882;0,1933090332936906;105;2;10;0,83;0;0,00;1;10;12;150;200;0,08;10,5
968;1200;1,0000;0,99249999999999994;0,00750000000000006;0,800000000000000;0,1855397531527947;105;2;10;0,83;0;0,00;1;10;12;150;200;0,08;10,5
973;1600;1,0000;0,98642857142857143;0,01357142857142857;0,716250000000000;0,2708009456665782;105;2;10;0,83;0;0,25;1;10;12;150;200;0,08;10,5
974;1400;1,0000;0,98999999999999999;0,01000000000000001;0,761578947368421;0,1974775137099225;105;2;10;0,83;0;0,25;1;10;12;150;200;0,08;10,5
975;1400;1,0000;0,98350000000000004;0,01649999999999996;0,802800000000000;0,2166846787384839;105;2;10;0,83;0;0,25;1;10;12;150;200;0,08;10,5
976;1500;1,0000;0,98999999999999999;0,01000000000000001;0,768421052631579;0,1733097149900764;105;2;10;0,83;0;0,25;1;10;12;150;200;0,08;10,5
981;NA;0,8280;NA;0,00000000000000000;0,708235294117647;0,1113230592887734;105;2;10;0,83;0;0,50;1;10;12;150;200;0,08;10,5
982;4100;1,0000;0,97111111111111104;0,02888888888888896;0,744117647058824;0,1765324499415134;105;2;10;0,83;0;0,50;1;10;12;150;200;0,08;10,5
983;NA;0,1955;NA;0,00000000000000000;0,398823529411765;0,1553659815895813;105;2;10;0,83;0;0,50;1;10;12;150;200;0,08;10,5
984;NA;0,7755;NA;0,00000000000000000;0,716764705882353;0,0940469219560734;105;2;10;0,83;0;0,50;1;10;12;150;200;0,08;10,5
989;900;1,0000;0,98999999999999999;0,01000000000000001;0,770769230769231;0,2065071241088121;105;2;10;1,00;0;0,00;1;10;12;150;200;0,08;10,5
990;1600;1,0000;0,98449999999999993;0,01550000000000007;0,865370370370370;0,1654999763300350;105;2;10;1,00;0;0,00;1;10;12;150;200;0,08;10,5
991;1100;1,0000;0,98499999999999999;0,01500000000000001;0,827812500000000;0,1455445951132046;105;2;10;1,00;0;0,00;1;10;12;150;200;0,08;10,5
992;1100;1,0000;0,99045454545454548;0,00954545454545452;0,823913043478261;0,2320215336878490;105;2;10;1,00;0;0,00;1;10;12;150;200;0,08;10,5
997;2100;1,0000;0,97827586206896555;0,02172413793103445;0,866372549019608;0,1748201316535729;105;2;10;1,00;0;0,25;1;10;12;150;200;0,08;10,5
998;3800;1,0000;0,97166666666666668;0,02833333333333332;0,798627450980392;0,1774037159457844;105;2;10;1,00;0;0,25;1;10;12;150;200;0,08;10,5
999;2000;1,0000;0,98399999999999999;0,01600000000000001;0,826805555555556;0,1806185909501715;105;2;10;1,00;0;0,25;1;10;12;150;200;0,08;10,5
1000;2000;1,0000;0,98035714285714282;0,01964285714285718;0,806285714285714;0,2104768495623228;105;2;10;1,00;0;0,25;1;10;12;150;200;0,08;10,5
1005;NA;0,3125;NA;0,00000000000000000;0,431470588235294;0,1073326330509368;105;2;10;1,00;0;0,50;1;10;12;150;200;0,08;10,5
1006;NA;0,1620;NA;0,00000000000000000;0,370294117647059;0,1759358171740646;105;2;10;1,00;0;0,50;1;10;12;150;200;0,08;10,5
1007;NA;0,7510;NA;0,00000000000000000;0,691078431372549;0,0951068542508383;105;2;10;1,00;0;0,50;1;10;12;150;200;0,08;10,5
1008;NA;0,4730;NA;0,00000000000000000;0,504215686274510;0,0656762708215045;105;2;10;1,00;0;0,50;1;10;12;150;200;0,08;10,5
1013;2500;1,0000;0,97281249999999997;0,02718750000000003;0,828809523809524;0,1991929127565804;115;2;10;0,00;0;0,00;1;10;12;150;200;0,08;11,5
1014;2800;1,0000;0,96840909090909089;0,03159090909090911;0,843725490196078;0,1623848611701685;115;2;10;0,00;0;0,00;1;10;12;150;200;0,08;11,5
1015;2500;1,0000;0,93456521739130438;0,06543478260869562;0,814897959183673;0,1798682671774401;115;2;10;0,00;0;0,00;1;10;12;150;200;0,08;11,5
1016;1700;1,0000;0,93999999999999995;0,06000000000000005;0,843235294117647;0,1661379653463102;115;2;10;0,00;0;0,00;1;10;12;150;200;0,08;11,5
1021;NA;0,9095;NA;0,00000000000000000;0,698627450980392;0,1545835645577257;115;2;10;0,00;0;0,25;1;10;12;150;200;0,08;11,5
1022;NA;0,8220;NA;0,00000000000000000;0,644411764705882;0,1310215518867928;115;2;10;0,00;0;0,25;1;10;12;150;200;0,08;11,5
1023;4900;1,0000;0,96499999999999997;0,03500000000000003;0,717745098039216;0,1633839457397519;115;2;10;0,00;0;0,25;1;10;12;150;200;0,08;11,5
1024;1500;0,0000;0,01750000000000000;0,01750000000000000;0,155909090909091;0,1354941253658549;115;2;10;0,00;0;0,25;1;10;12;150;200;0,08;11,5
1029;NA;0,3555;NA;0,00000000000000000;0,430980392156863;0,0891067876642579;115;2;10;0,00;0;0,50;1;10;12;150;200;0,08;11,5
1030;1600;0,0000;0,01000000000000000;0,01000000000000000;0,190625000000000;0,1692908001044357;115;2;10;0,00;0;0,50;1;10;12;150;200;0,08;11,5
1031;NA;0,3440;NA;0,00000000000000000;0,361372549019608;0,0871841638795289;115;2;10;0,00;0;0,50;1;10;12;150;200;0,08;11,5
1032;2700;0,0000;0,00950000000000000;0,00950000000000000;0,258947368421053;0,2101645362333639;115;2;10;0,00;0;0,50;1;10;12;150;200;0,08;11,5
1037;2200;1,0000;0,98727272727272730;0,01272727272727270;0,819888888888889;0,2280686920268284;115;2;10;0,16;0;0,00;1;10;12;150;200;0,08;11,5
1038;1700;1,0000;0,95575757575757569;0,04424242424242431;0,855588235294118;0,1832202146566353;115;2;10;0,16;0;0,00;1;10;12;150;200;0,08;11,5
1039;1800;1,0000;0,99124999999999996;0,00875000000000004;0,810217391304348;0,1461512157514013;115;2;10;0,16;0;0,00;1;10;12;150;200;0,08;11,5
1040;1900;1,0000;0,98499999999999999;0,01500000000000001;0,850645161290323;0,1406813298172142;115;2;10;0,16;0;0,00;1;10;12;150;200;0,08;11,5
1045;NA;0,7605;NA;0,00000000000000000;0,627156862745098;0,0894553234970440;115;2;10;0,16;0;0,25;1;10;12;150;200;0,08;11,5
1046;4700;1,0000;0,96333333333333326;0,03666666666666674;0,737745098039216;0,2021442893714541;115;2;10;0,16;0;0,25;1;10;12;150;200;0,08;11,5
1047;3000;1,0000;0,97424999999999995;0,02575000000000005;0,806274509803922;0,1863943216336133;115;2;10;0,16;0;0,25;1;10;12;150;200;0,08;11,5
1048;NA;0,8350;NA;0,00000000000000000;0,725784313725490;0,1156692376953337;115;2;10;0,16;0;0,25;1;10;12;150;200;0,08;11,5
1053;NA;0,8665;NA;0,00000000000000000;0,750294117647059;0,1207990553137974;115;2;10;0,16;0;0,50;1;10;12;150;200;0,08;11,5
1054;4600;1,0000;0,95499999999999996;0,04500000000000004;0,763823529411765;0,1865759583528760;115;2;10;0,16;0;0,50;1;10;12;150;200;0,08;11,5
1055;NA;0,6765;NA;0,00000000000000000;0,585784313725490;0,0898408178336529;115;2;10;0,16;0;0,50;1;10;12;150;200;0,08;11,5
1056;NA;0,7885;NA;0,00000000000000000;0,649117647058824;0,1254978321818865;115;2;10;0,16;0;0,50;1;10;12;150;200;0,08;11,5
1061;1700;1,0000;0,97357142857142853;0,02642857142857147;0,828400000000000;0,1711950641811849;115;2;10;0,33;0;0,00;1;10;12;150;200;0,08;11,5
1062;1700;1,0000;0,99333333333333329;0,00666666666666671;0,801666666666667;0,1759924240793715;115;2;10;0,33;0;0,00;1;10;12;150;200;0,08;11,5
1063;1400;1,0000;0,97357142857142853;0,02642857142857147;0,852954545454545;0,1335562935611181;115;2;10;0,33;0;0,00;1;10;12;150;200;0,08;11,5
1064;1900;1,0000;0,98249999999999993;0,01750000000000007;0,793269230769231;0,1957546541346709;115;2;10;0,33;0;0,00;1;10;12;150;200;0,08;11,5
1069;2300;1,0000;0,96666666666666667;0,03333333333333333;0,848000000000000;0,1543917685040824;115;2;10;0,33;0;0,25;1;10;12;150;200;0,08;11,5
1070;1700;1,0000;0,98916666666666664;0,01083333333333336;0,819791666666667;0,1545644593735871;115;2;10;0,33;0;0,25;1;10;12;150;200;0,08;11,5
1071;NA;0,9025;NA;0,00000000000000000;0,731372549019608;0,1686151785319832;115;2;10;0,33;0;0,25;1;10;12;150;200;0,08;11,5
1072;2300;1,0000;0,97624999999999995;0,02375000000000005;0,745714285714286;0,1831752565254778;115;2;10;0,33;0;0,25;1;10;12;150;200;0,08;11,5
1077;NA;0,2060;NA;0,00000000000000000;0,354901960784314;0,1502514232747179;115;2;10;0,33;0;0,50;1;10;12;150;200;0,08;11,5
1078;4600;1,0000;0,92125000000000001;0,07874999999999999;0,763137254901961;0,1447375583057615;115;2;10;0,33;0;0,50;1;10;12;150;200;0,08;11,5
1079;NA;0,7875;NA;0,00000000000000000;0,627058823529412;0,1395893135973819;115;2;10;0,33;0;0,50;1;10;12;150;200;0,08;11,5
1080;NA;0,5225;NA;0,00000000000000000;0,560980392156863;0,0803431366567371;115;2;10;0,33;0;0,50;1;10;12;150;200;0,08;11,5
1085;1400;1,0000;0,99500000000000000;0,00500000000000000;0,810000000000000;0,1588533128392354;115;2;10;0,50;0;0,00;1;10;12;150;200;0,08;11,5
1086;1300;1,0000;0,98899999999999999;0,01100000000000001;0,745263157894737;0,2361877412627654;115;2;10;0,50;0;0,00;1;10;12;150;200;0,08;11,5
1087;1600;1,0000;0,99299999999999999;0,00700000000000001;0,790000000000000;0,1687277322168695;115;2;10;0,50;0;0,00;1;10;12;150;200;0,08;11,5
1088;1200;1,0000;0,98714285714285710;0,01285714285714290;0,805500000000000;0,1972501751049853;115;2;10;0,50;0;0,00;1;10;12;150;200;0,08;11,5
1093;4700;1,0000;0,95333333333333325;0,04666666666666675;0,730294117647059;0,1808270216663037;115;2;10;0,50;0;0,25;1;10;12;150;200;0,08;11,5
1094;3100;1,0000;0,98499999999999999;0,01500000000000001;0,761071428571429;0,2163712249090463;115;2;10;0,50;0;0,25;1;10;12;150;200;0,08;11,5
1095;1600;1,0000;0,98357142857142854;0,01642857142857146;0,758958333333333;0,2352980495062576;115;2;10;0,50;0;0,25;1;10;12;150;200;0,08;11,5
1096;4200;1,0000;0,98812500000000003;0,01187499999999997;0,833627450980392;0,1233453624234513;115;2;10;0,50;0;0,25;1;10;12;150;200;0,08;11,5
1101;NA;0,7165;NA;0,00000000000000000;0,541960784313726;0,1371571304430526;115;2;10;0,50;0;0,50;1;10;12;150;200;0,08;11,5
1102;4400;1,0000;0,96666666666666667;0,03333333333333333;0,628823529411765;0,2297141446130258;115;2;10;0,50;0;0,50;1;10;12;150;200;0,08;11,5
1103;4100;1,0000;0,92555555555555558;0,07444444444444442;0,685392156862745;0,1999471008473364;115;2;10;0,50;0;0,50;1;10;12;150;200;0,08;11,5
1104;2100;1,0000;0,97785714285714287;0,02214285714285713;0,842916666666667;0,1469323216411459;115;2;10;0,50;0;0,50;1;10;12;150;200;0,08;11,5
1109;1100;1,0000;0,98999999999999999;0,01000000000000001;0,868636363636364;0,1621520583997935;115;2;10;0,66;0;0,00;1;10;12;150;200;0,08;11,5
1110;1000;1,0000;0,98999999999999999;0,01000000000000001;0,748846153846154;0,2222812955670683;115;2;10;0,66;0;0,00;1;10;12;150;200;0,08;11,5
1111;1200;1,0000;0,99333333333333329;0,00666666666666671;0,800000000000000;0,1632176461048253;115;2;10;0,66;0;0,00;1;10;12;150;200;0,08;11,5
1112;900;1,0000;0,98999999999999999;0,01000000000000001;0,861388888888889;0,1640463130047656;115;2;10;0,66;0;0,00;1;10;12;150;200;0,08;11,5
1117;3200;1,0000;0,95666666666666667;0,04333333333333333;0,869411764705882;0,1307006008357403;115;2;10;0,66;0;0,25;1;10;12;150;200;0,08;11,5
1118;3100;1,0000;0,98214285714285710;0,01785714285714290;0,829871794871795;0,1247496818869859;115;2;10;0,66;0;0,25;1;10;12;150;200;0,08;11,5
1119;NA;0,6910;NA;0,00000000000000000;0,664509803921569;0,1139353101630955;115;2;10;0,66;0;0,25;1;10;12;150;200;0,08;11,5
1120;4200;1,0000;0,98999999999999999;0,01000000000000001;0,756764705882353;0,1525838245995026;115;2;10;0,66;0;0,25;1;10;12;150;200;0,08;11,5
1125;NA;0,3460;NA;0,00000000000000000;0,413627450980392;0,1334843752331057;115;2;10;0,66;0;0,50;1;10;12;150;200;0,08;11,5
1126;NA;0,1040;NA;0,00000000000000000;0,290784313725490;0,1282434113279104;115;2;10;0,66;0;0,50;1;10;12;150;200;0,08;11,5
1127;NA;0,6685;NA;0,00000000000000000;0,609215686274510;0,0635245822419920;115;2;10;0,66;0;0,50;1;10;12;150;200;0,08;11,5
1128;1700;1,0000;0,75636363636363635;0,24363636363636365;0,743627450980392;0,1611151092584819;115;2;10;0,66;0;0,50;1;10;12;150;200;0,08;11,5
1133;1100;1,0000;0,98928571428571432;0,01071428571428568;0,833421052631579;0,1805704897107663;115;2;10;0,83;0;0,00;1;10;12;150;200;0,08;11,5
1134;800;1,0000;0,98687499999999995;0,01312500000000005;0,855882352941176;0,1805134629165305;115;2;10;0,83;0;0,00;1;10;12;150;200;0,08;11,5
1135;1200;1,0000;0,98357142857142854;0,01642857142857146;0,823250000000000;0,1916567312451586;115;2;10;0,83;0;0,00;1;10;12;150;200;0,08;11,5
1136;1100;1,0000;0,99299999999999999;0,00700000000000001;0,767352941176471;0,2252159910997859;115;2;10;0,83;0;0,00;1;10;12;150;200;0,08;11,5
1141;1800;1,0000;0,98703125000000003;0,01296874999999997;0,889117647058824;0,1635227992738411;115;2;10;0,83;0;0,25;1;10;12;150;200;0,08;11,5
1142;1900;1,0000;0,93016129032258066;0,06983870967741934;0,832058823529412;0,1652458062118014;115;2;10;0,83;0;0,25;1;10;12;150;200;0,08;11,5
1143;2400;1,0000;0,97357142857142853;0,02642857142857147;0,865434782608696;0,1480759042854430;115;2;10;0,83;0;0,25;1;10;12;150;200;0,08;11,5
1144;3800;1,0000;0,98857142857142855;0,01142857142857145;0,784891304347826;0,1782242318305628;115;2;10;0,83;0;0,25;1;10;12;150;200;0,08;11,5
1149;3100;1,0000;0,97710526315789470;0,02289473684210530;0,802549019607843;0,1826400080733123;115;2;10;0,83;0;0,50;1;10;12;150;200;0,08;11,5
1150;1800;1,0000;0,97363636363636363;0,02636363636363637;0,852666666666667;0,1500616731451653;115;2;10;0,83;0;0,50;1;10;12;150;200;0,08;11,5
1151;3200;0,0000;0,06555555555555556;0,06555555555555556;0,181078431372549;0,1519154821783817;115;2;10;0,83;0;0,50;1;10;12;150;200;0,08;11,5
1152;3100;1,0000;0,96833333333333327;0,03166666666666673;0,813500000000000;0,1752789322241343;115;2;10;0,83;0;0,50;1;10;12;150;200;0,08;11,5
1157;1100;1,0000;0,99350000000000005;0,00649999999999995;0,845454545454545;0,2003681676250062;115;2;10;1,00;0;0,00;1;10;12;150;200;0,08;11,5
1158;1300;1,0000;0,97999999999999998;0,02000000000000002;0,743000000000000;0,2236032670884564;115;2;10;1,00;0;0,00;1;10;12;150;200;0,08;11,5
1159;700;1,0000;0,98999999999999999;0,01000000000000001;0,826538461538462;0,1867750944249149;115;2;10;1,00;0;0,00;1;10;12;150;200;0,08;11,5
1160;1000;1,0000;0,98833333333333329;0,01166666666666671;0,813823529411765;0,2049278029252368;115;2;10;1,00;0;0,00;1;10;12;150;200;0,08;11,5
1165;5000;1,0000;NA;0,00000000000000000;0,799411764705882;0,1477249033129605;115;2;10;1,00;0;0,25;1;10;12;150;200;0,08;11,5
1166;1700;1,0000;0,99199999999999999;0,00800000000000001;0,779565217391304;0,1860590878987730;115;2;10;1,00;0;0,25;1;10;12;150;200;0,08;11,5
1167;3000;1,0000;0,89924999999999999;0,10075000000000001;0,761960784313725;0,1720118554965691;115;2;10;1,00;0;0,25;1;10;12;150;200;0,08;11,5
1168;2500;1,0000;0,97899999999999998;0,02100000000000002;0,849305555555556;0,1356052715883113;115;2;10;1,00;0;0,25;1;10;12;150;200;0,08;11,5
1173;3800;0,0000;0,06625000000000000;0,06625000000000000;0,316372549019608;0,2164118259970387;115;2;10;1,00;0;0,50;1;10;12;150;200;0,08;11,5
1174;NA;0,7910;NA;0,00000000000000000;0,580098039215686;0,1369470342726648;115;2;10;1,00;0;0,50;1;10;12;150;200;0,08;11,5
1175;NA;0,8800;NA;0,00000000000000000;0,690098039215686;0,1932084112974340;115;2;10;1,00;0;0,50;1;10;12;150;200;0,08;11,5
1176;2300;1,0000;0,98777777777777775;0,01222222222222225;0,764242424242424;0,2050309474053597;115;2;10;1,00;0;0,50;1;10;12;150;200;0,08;11,5
1181;2600;1,0000;0,97071428571428575;0,02928571428571425;0,777352941176471;0,2017395384021776;130;2;10;0,00;0;0,00;1;10;12;150;200;0,08;13,0
1182;2900;1,0000;0,91738095238095241;0,08261904761904759;0,828627450980392;0,1604683097417448;130;2;10;0,00;0;0,00;1;10;12;150;200;0,08;13,0
1183;3600;1,0000;0,97928571428571431;0,02071428571428569;0,813627450980392;0,1795190196925455;130;2;10;0,00;0;0,00;1;10;12;150;200;0,08;13,0
1184;3900;1,0000;0,93454545454545457;0,06545454545454543;0,860000000000000;0,1032908514825974;130;2;10;0,00;0;0,00;1;10;12;150;200;0,08;13,0
1189;NA;0,8000;NA;0,00000000000000000;0,559117647058823;0,1821447388269915;130;2;10;0,00;0;0,25;1;10;12;150;200;0,08;13,0
1190;3300;1,0000;0,97999999999999998;0,02000000000000002;0,765930232558140;0,1922462948245145;130;2;10;0,00;0;0,25;1;10;12;150;200;0,08;13,0
1191;4100;1,0000;0,99166666666666670;0,00833333333333330;0,798020833333333;0,1499742516316793;130;2;10;0,00;0;0,25;1;10;12;150;200;0,08;13,0
1192;4600;1,0000;0,91500000000000004;0,08499999999999996;0,710588235294118;0,1476605805854207;130;2;10;0,00;0;0,25;1;10;12;150;200;0,08;13,0
1197;2300;0,0000;0,01750000000000000;0,01750000000000000;0,202857142857143;0,1302805276049183;130;2;10;0,00;0;0,50;1;10;12;150;200;0,08;13,0
1198;NA;0,2925;NA;0,00000000000000000;0,333039215686275;0,0970261739499840;130;2;10;0,00;0;0,50;1;10;12;150;200;0,08;13,0
1199;3800;0,0000;0,03375000000000000;0,03375000000000000;0,232058823529412;0,1430355776392301;130;2;10;0,00;0;0,50;1;10;12;150;200;0,08;13,0
1200;2800;0,0000;0,00250000000000000;0,00250000000000000;0,287096774193548;0,1520897443044094;130;2;10;0,00;0;0,50;1;10;12;150;200;0,08;13,0
1205;1700;1,0000;0,97950000000000004;0,02049999999999996;0,841710526315789;0,1838671535551477;130;2;10;0,16;0;0,00;1;10;12;150;200;0,08;13,0
1206;2100;1,0000;0,98124999999999996;0,01875000000000004;0,842941176470588;0,1509470991373068;130;2;10;0,16;0;0,00;1;10;12;150;200;0,08;13,0
1207;1800;1,0000;0,98428571428571432;0,01571428571428568;0,795000000000000;0,1943604898121015;130;2;10;0,16;0;0,00;1;10;12;150;200;0,08;13,0
1208;1700;1,0000;0,97222222222222221;0,02777777777777779;0,834074074074074;0,1705366926287816;130;2;10;0,16;0;0,00;1;10;12;150;200;0,08;13,0
1213;3600;1,0000;0,96071428571428574;0,03928571428571426;0,766176470588235;0,1858213879920557;130;2;10;0,16;0;0,25;1;10;12;150;200;0,08;13,0
1214;NA;0,9135;NA;0,00000000000000000;0,740784313725490;0,1529587282537993;130;2;10;0,16;0;0,25;1;10;12;150;200;0,08;13,0
1215;5000;1,0000;NA;0,00000000000000000;0,757647058823529;0,1162555501521388;130;2;10;0,16;0;0,25;1;10;12;150;200;0,08;13,0
1216;3300;1,0000;0,97999999999999998;0,02000000000000002;0,761052631578947;0,1785684738629764;130;2;10;0,16;0;0,25;1;10;12;150;200;0,08;13,0
1221;4800;1,0000;0,97249999999999992;0,02750000000000008;0,714607843137255;0,1560924185771202;130;2;10;0,16;0;0,50;1;10;12;150;200;0,08;13,0
1222;3300;1,0000;0,97899999999999998;0,02100000000000002;0,816428571428571;0,1593541653048329;130;2;10;0,16;0;0,50;1;10;12;150;200;0,08;13,0
1223;NA;0,1575;NA;0,00000000000000000;0,332058823529412;0,1626781376540445;130;2;10;0,16;0;0,50;1;10;12;150;200;0,08;13,0
1224;3800;1,0000;0,93625000000000003;0,06374999999999997;0,736078431372549;0,1582571127169019;130;2;10;0,16;0;0,50;1;10;12;150;200;0,08;13,0
1229;1600;1,0000;0,98499999999999999;0,01500000000000001;0,841400000000000;0,1596775396437040;130;2;10;0,33;0;0,00;1;10;12;150;200;0,08;13,0
1230;1800;1,0000;0,98555555555555552;0,01444444444444448;0,842142857142857;0,1620323960030751;130;2;10;0,33;0;0,00;1;10;12;150;200;0,08;13,0
1231;1700;1,0000;0,97750000000000004;0,02249999999999996;0,847115384615385;0,1536175320523219;130;2;10;0,33;0;0,00;1;10;12;150;200;0,08;13,0
1232;2100;1,0000;0,99249999999999994;0,00750000000000006;0,813000000000000;0,1737497209127007;130;2;10;0,33;0;0,00;1;10;12;150;200;0,08;13,0
1237;4500;1,0000;0,95099999999999996;0,04900000000000004;0,789117647058823;0,1472708589041055;130;2;10;0,33;0;0,25;1;10;12;150;200;0,08;13,0
1238;4200;1,0000;0,92625000000000002;0,07374999999999998;0,749803921568627;0,1710875822037173;130;2;10;0,33;0;0,25;1;10;12;150;200;0,08;13,0
1239;NA;0,9025;NA;0,00000000000000000;0,770686274509804;0,1650788284664122;130;2;10;0,33;0;0,25;1;10;12;150;200;0,08;13,0
1240;NA;0,7655;NA;0,00000000000000000;0,766176470588235;0,1020910781375832;130;2;10;0,33;0;0,25;1;10;12;150;200;0,08;13,0
1245;2600;1,0000;0,96875000000000000;0,03125000000000000;0,805930232558140;0,1655735191831910;130;2;10;0,33;0;0,50;1;10;12;150;200;0,08;13,0
1246;NA;0,7370;NA;0,00000000000000000;0,559509803921569;0,1323829856966551;130;2;10;0,33;0;0,50;1;10;12;150;200;0,08;13,0
1247;NA;0,2960;NA;0,00000000000000000;0,291470588235294;0,0713462971544218;130;2;10;0,33;0;0,50;1;10;12;150;200;0,08;13,0
1248;NA;0,1895;NA;0,00000000000000000;0,320686274509804;0,1402926213592259;130;2;10;0,33;0;0,50;1;10;12;150;200;0,08;13,0
1253;1400;1,0000;0,97899999999999998;0,02100000000000002;0,809400000000000;0,2041768024694937;130;2;10;0,50;0;0,00;1;10;12;150;200;0,08;13,0
1254;1300;1,0000;0,98916666666666664;0,01083333333333336;0,911704545454545;0,1458692596440076;130;2;10;0,50;0;0,00;1;10;12;150;200;0,08;13,0
1255;1200;1,0000;0,97944444444444445;0,02055555555555555;0,870454545454545;0,1398290545708026;130;2;10;0,50;0;0,00;1;10;12;150;200;0,08;13,0
1256;1100;1,0000;0,98187499999999994;0,01812500000000006;0,807000000000000;0,2132542342394463;130;2;10;0,50;0;0,00;1;10;12;150;200;0,08;13,0
1261;3200;1,0000;0,98375000000000001;0,01624999999999999;0,786081081081081;0,1629081844984364;130;2;10;0,50;0;0,25;1;10;12;150;200;0,08;13,0
1262;NA;0,6825;NA;0,00000000000000000;0,713921568627451;0,0695436102419927;130;2;10;0,50;0;0,25;1;10;12;150;200;0,08;13,0
1263;2700;1,0000;0,97333333333333327;0,02666666666666673;0,796744186046512;0,1843001037417034;130;2;10;0,50;0;0,25;1;10;12;150;200;0,08;13,0
1264;3400;1,0000;0,88187499999999996;0,11812500000000004;0,815490196078431;0,1225041015719914;130;2;10;0,50;0;0,25;1;10;12;150;200;0,08;13,0
1269;NA;0,2770;NA;0,00000000000000000;0,380784313725490;0,0788503173679067;130;2;10;0,50;0;0,50;1;10;12;150;200;0,08;13,0
1270;NA;0,8275;NA;0,00000000000000000;0,641372549019608;0,1331656052866976;130;2;10;0,50;0;0,50;1;10;12;150;200;0,08;13,0
1271;NA;0,7210;NA;0,00000000000000000;0,622450980392157;0,0709251193091673;130;2;10;0,50;0;0,50;1;10;12;150;200;0,08;13,0
1272;2600;1,0000;0,97382352941176464;0,02617647058823536;0,822613636363636;0,1664348766990206;130;2;10;0,50;0;0,50;1;10;12;150;200;0,08;13,0
1277;1100;1,0000;0,99055555555555552;0,00944444444444448;0,849285714285714;0,1697666465643775;130;2;10;0,66;0;0,00;1;10;12;150;200;0,08;13,0
1278;1100;1,0000;0,99285714285714288;0,00714285714285712;0,824736842105263;0,1878568728536770;130;2;10;0,66;0;0,00;1;10;12;150;200;0,08;13,0
1279;1600;1,0000;0,97863636363636364;0,02136363636363636;0,828035714285714;0,1664461835266342;130;2;10;0,66;0;0,00;1;10;12;150;200;0,08;13,0
1280;1000;1,0000;0,97999999999999998;0,02000000000000002;0,796250000000000;0,1986076534275555;130;2;10;0,66;0;0,00;1;10;12;150;200;0,08;13,0
1285;2200;1,0000;0,98454545454545450;0,01545454545454550;0,847205882352941;0,1647228672487594;130;2;10;0,66;0;0,25;1;10;12;150;200;0,08;13,0
1286;3500;1,0000;0,98266666666666669;0,01733333333333331;0,734901960784314;0,2394002719214797;130;2;10;0,66;0;0,25;1;10;12;150;200;0,08;13,0
1287;2900;1,0000;0,97714285714285709;0,02285714285714291;0,844090909090909;0,1421850772567331;130;2;10;0,66;0;0,25;1;10;12;150;200;0,08;13,0
1288;3200;1,0000;0,98194444444444440;0,01805555555555560;0,811372549019608;0,1774403517562241;130;2;10;0,66;0;0,25;1;10;12;150;200;0,08;13,0
1293;2300;1,0000;0,90777777777777779;0,09222222222222221;0,812254901960784;0,1593935811928768;130;2;10;0,66;0;0,50;1;10;12;150;200;0,08;13,0
1294;NA;0,2250;NA;0,00000000000000000;0,496862745098039;0,1792734246460242;130;2;10;0,66;0;0,50;1;10;12;150;200;0,08;13,0
1295;3900;1,0000;0,96454545454545448;0,03545454545454552;0,810294117647059;0,1518664273784890;130;2;10;0,66;0;0,50;1;10;12;150;200;0,08;13,0
1296;NA;0,4735;NA;0,00000000000000000;0,467647058823529;0,0925762007277058;130;2;10;0,66;0;0,50;1;10;12;150;200;0,08;13,0
1301;1100;1,0000;0,97666666666666668;0,02333333333333332;0,826428571428571;0,1833244586596593;130;2;10;0,83;0;0,00;1;10;12;150;200;0,08;13,0
1302;1000;1,0000;0,98799999999999999;0,01200000000000001;0,785937500000000;0,2134417855841103;130;2;10;0,83;0;0,00;1;10;12;150;200;0,08;13,0
1303;1300;1,0000;0,98562499999999997;0,01437500000000003;0,843636363636364;0,1699942703388910;130;2;10;0,83;0;0,00;1;10;12;150;200;0,08;13,0
1304;1100;1,0000;0,98499999999999999;0,01500000000000001;0,789375000000000;0,1951826068070616;130;2;10;0,83;0;0,00;1;10;12;150;200;0,08;13,0
1309;4200;1,0000;0,98562499999999997;0,01437500000000003;0,811568627450980;0,1694771081771176;130;2;10;0,83;0;0,25;1;10;12;150;200;0,08;13,0
1310;NA;0,8860;NA;0,00000000000000000;0,809313725490196;0,0980511071219654;130;2;10;0,83;0;0,25;1;10;12;150;200;0,08;13,0
1311;NA;0,7040;NA;0,00000000000000000;0,654509803921569;0,1028457821301427;130;2;10;0,83;0;0,25;1;10;12;150;200;0,08;13,0
1312;2600;1,0000;0,97181818181818180;0,02818181818181820;0,825263157894737;0,1723915537233874;130;2;10;0,83;0;0,25;1;10;12;150;200;0,08;13,0
1317;NA;0,7425;NA;0,00000000000000000;0,604607843137255;0,0903207791001323;130;2;10;0,83;0;0,50;1;10;12;150;200;0,08;13,0
1318;NA;0,3550;NA;0,00000000000000000;0,344509803921569;0,0872711573313932;130;2;10;0,83;0;0,50;1;10;12;150;200;0,08;13,0
1319;NA;0,7910;NA;0,00000000000000000;0,656372549019608;0,1212809895712125;130;2;10;0,83;0;0,50;1;10;12;150;200;0,08;13,0
1320;4200;1,0000;0,98583333333333334;0,01416666666666666;0,741224489795918;0,1890368422321121;130;2;10;0,83;0;0,50;1;10;12;150;200;0,08;13,0
1325;1000;1,0000;0,99166666666666670;0,00833333333333330;0,796428571428571;0,1841240026494328;130;2;10;1,00;0;0,00;1;10;12;150;200;0,08;13,0
1326;900;1,0000;0,98458333333333337;0,01541666666666663;0,869545454545455;0,1776895975390599;130;2;10;1,00;0;0,00;1;10;12;150;200;0,08;13,0
1327;900;1,0000;0,98388888888888892;0,01611111111111108;0,826578947368421;0,2094573188529172;130;2;10;1,00;0;0,00;1;10;12;150;200;0,08;13,0
1328;1000;1,0000;0,98666666666666669;0,01333333333333331;0,773928571428571;0,1945426448348553;130;2;10;1,00;0;0,00;1;10;12;150;200;0,08;13,0
1333;2000;1,0000;0,98571428571428565;0,01428571428571435;0,807285714285714;0,2075003290470206;130;2;10;1,00;0;0,25;1;10;12;150;200;0,08;13,0
1334;1600;1,0000;0,98312500000000003;0,01687499999999997;0,829000000000000;0,1710872097303984;130;2;10;1,00;0;0,25;1;10;12;150;200;0,08;13,0
1335;1400;1,0000;0,99277777777777776;0,00722222222222224;0,839583333333333;0,1771754023232508;130;2;10;1,00;0;0,25;1;10;12;150;200;0,08;13,0
1336;NA;0,8240;NA;0,00000000000000000;0,740000000000000;0,1304798835069989;130;2;10;1,00;0;0,25;1;10;12;150;200;0,08;13,0
1341;3500;1,0000;0,97777777777777775;0,02222222222222225;0,782333333333333;0,2023683634994723;130;2;10;1,00;0;0,50;1;10;12;150;200;0,08;13,0
1342;1700;1,0000;0,98357142857142854;0,01642857142857146;0,871406250000000;0,1393547016175028;130;2;10;1,00;0;0,50;1;10;12;150;200;0,08;13,0
1343;NA;0,8795;NA;0,00000000000000000;0,665294117647059;0,2070565424339590;130;2;10;1,00;0;0,50;1;10;12;150;200;0,08;13,0
1344;NA;0,3470;NA;0,00000000000000000;0,524901960784314;0,1119887949577029;130;2;10;1,00;0;0,50;1;10;12;150;200;0,08;13,0
